id,question
1, Is the bull market going to continue?
2, Top 10 AI stocks to buy now?
3, Stocks driving the bull market run?
4, What are the growth prospects of APPLE?
5, Top 5 Technology stocks with the lowest volatility
6, Who are the top performers of NASDAQ?
7, Which are the top 10 cheap AI stocks to buy
8, Is APPLE a good stock to buy now?
9, Give me APPLE stockâ€™s risk return ratio in the near term
10,What are the top 5 technology stocks with the highest momentum?
11,What are the top 5 technology stocks with the highest short-term momentum?
12,Find the top 5 technology stocks that move the market
13,The next Magnificient 7?
14,Find 5 best long term technology stocks
15,Which technology stocks has the highest market sentiment score?
16,Is Apple a buy in the near term based on the fundamentals?
17,Find the top 5 technology stocks that are most undervalued
18,Find the top 5 technology stocks that are most expensive