Questions,Actual Ans,,Explanation by GPT,Ans by Gemini,Ans by DeepSeek,Ans by Claude,Ans by Grok
"ржПржХрж▓рж╛ рждрж╛рж░рзЗ ржпрж╛рзЯ ржирж╛ ржжрзЗржЦрж╛, рж╕ржЩрзНржЧрзА ржЧрзЗрж▓рзЗ ржмрж╛ржБржЪрзЗред
ржЖржзрж╛рж░ ржжрзЗржЦрзЗ ржнрзЯрзЗ ржкрж╛рж▓рж╛рзЯ, ржЖрж▓рзЛрзЯ ржлрж┐рж░рзЗ ржЖрж╕рзЗред",ржЫрж╛рзЯрж╛,ржкрзНрж░ржЬрж╛ржкрждрж┐ ржмрж╛ рждрж╛рж░рж╛,"""ржПржХрж▓рж╛ рждрж╛рж░рзЗ ржпрж╛рзЯ ржирж╛ ржжрзЗржЦрж╛, рж╕ржЩрзНржЧрзА ржЧрзЗрж▓рзЗ ржмрж╛ржБржЪрзЗ"": ржПржЯрж┐ ржПржХржЯрж┐ рж╕ржЩрзНржЧрзА ржмрж╛ ржкрж░рж┐ржмрзЗрж╢рзЗрж░ ржкрзНрж░рзЯрзЛржЬржирзАрзЯрждрж╛ ржмрзБржЭрж╛ржЪрзНржЫрзЗред ржПржХрж╛ ржЪрж▓рзЗ ржирж╛, ржХрж┐ржирзНрждрзБ рж╕ржЩрзНржЧрзАрж░ рж╕ржЩрзНржЧрзЗ ржПржЯрж┐ ржЪрж▓рждрзЗ ржкрж╛рж░рзЗ ржПржмржВ ржмрж╛ржБржЪрждрзЗ ржкрж╛рж░рзЗред
""ржЖржзрж╛рж░ ржжрзЗржЦрзЗ ржнрзЯрзЗ ржкрж╛рж▓рж╛рзЯ, ржЖрж▓рзЛрзЯ ржлрж┐рж░рзЗ ржЖрж╕рзЗ"": ржПржЦрж╛ржирзЗ ржмрзБржЭрж╛ржирзЛ рж╣ржЪрзНржЫрзЗ ржпрзЗ, ржЖржБржзрж╛рж░рзЗ ржнрзАрждрж┐ рж╕рзГрж╖рзНржЯрж┐ рж╣рзЯ, рждржмрзЗ ржЖрж▓рзЛрж░ ржоржзрзНржпрзЗ ржлрж┐рж░рзЗ ржЖрж╕рж╛рж░ ржорж╛ржзрзНржпржорзЗ ржирж┐рж░рж╛ржкрждрзНрждрж╛ ржмрж╛ рж╢рж╛ржирзНрждрж┐ ржкрж╛рзЯред",,"""ржПржХрж▓рж╛ рждрж╛рж░рзЗ ржпрж╛рзЯ ржирж╛ ржжрзЗржЦрж╛, рж╕ржЩрзНржЧрзА ржЧрзЗрж▓рзЗ ржмрж╛ржБржЪрзЗ"": ржПржЯрж┐ ржПржХржЯрж┐ рж╕ржЩрзНржЧрзА ржмрж╛ ржкрж░рж┐ржмрзЗрж╢рзЗрж░ ржкрзНрж░рзЯрзЛржЬржирзАрзЯрждрж╛ ржмрзБржЭрж╛ржЪрзНржЫрзЗред ржПржХрж╛ ржЪрж▓рзЗ ржирж╛, ржХрж┐ржирзНрждрзБ рж╕ржЩрзНржЧрзАрж░ рж╕ржЩрзНржЧрзЗ ржПржЯрж┐ ржЪрж▓рждрзЗ ржкрж╛рж░рзЗ ржПржмржВ ржмрж╛ржБржЪрждрзЗ ржкрж╛рж░рзЗред
""ржЖржзрж╛рж░ ржжрзЗржЦрзЗ ржнрзЯрзЗ ржкрж╛рж▓рж╛рзЯ, ржЖрж▓рзЛрзЯ ржлрж┐рж░рзЗ ржЖрж╕рзЗ"": ржПржЦрж╛ржирзЗ ржмрзБржЭрж╛ржирзЛ рж╣ржЪрзНржЫрзЗ ржпрзЗ, ржЖржБржзрж╛рж░рзЗ ржнрзАрждрж┐ рж╕рзГрж╖рзНржЯрж┐ рж╣рзЯ, рждржмрзЗ ржЖрж▓рзЛрж░ ржоржзрзНржпрзЗ ржлрж┐рж░рзЗ ржЖрж╕рж╛рж░ ржорж╛ржзрзНржпржорзЗ ржирж┐рж░рж╛ржкрждрзНрждрж╛ ржмрж╛ рж╢рж╛ржирзНрждрж┐ ржкрж╛рзЯред",,"ржПржЯрж┐ ржПржХржЯрж┐ ржмрж╛ржВрж▓рж╛ ржзрж╛ржБржзрж╛ред ржЖрж╕рзБржи ржПржЯрж┐рж░ ржЕрж░рзНрже ржмрж┐рж╢рзНрж▓рзЗрж╖ржг ржХрж░рж┐:

""ржПржХрж▓рж╛ рждрж╛рж░рзЗ ржпрж╛рзЯ ржирж╛ ржжрзЗржЦрж╛, рж╕ржЩрзНржЧрзА ржЧрзЗрж▓рзЗ ржмрж╛ржБржЪрзЗред""

тАФ ржПрж░ ржорж╛ржирзЗ ржПржоржи ржХрж┐ржЫрзБ ржпрж╛ржХрзЗ ржПржХрж╛ ржжрзЗржЦрж╛ ржпрж╛ржпрж╝ ржирж╛, ржХрж┐ржирзНрждрзБ ржХрзЛржирзЛ рж╕ржЩрзНржЧрзАрж░ рж╕рж╛ржерзЗ ржерж╛ржХрж▓рзЗ рждрж╛ ржкрзНрж░ржХрж╛рж╢ ржкрж╛ржпрж╝ ржмрж╛ ""ржмрж╛ржБржЪрзЗ""ред

""ржЖржзрж╛рж░ ржжрзЗржЦрзЗ ржнрзЯрзЗ ржкрж╛рж▓рж╛рзЯ, ржЖрж▓рзЛрзЯ ржлрж┐рж░рзЗ ржЖрж╕рзЗред""

тАФ ржПржЯрж┐ ржПржоржи ржХрж┐ржЫрзБ ржпрзЗ ржЕржирзНржзржХрж╛рж░ ржжрзЗржЦрж▓рзЗ ржнржпрж╝ ржкрж╛ржпрж╝ ржПржмржВ ржкрж╛рж▓рж┐ржпрж╝рзЗ ржпрж╛ржпрж╝, ржХрж┐ржирзНрждрзБ ржЖрж▓рзЛрждрзЗ ржЖржмрж╛рж░ ржлрж┐рж░рзЗ ржЖрж╕рзЗред

ржПржЗ ржзрж╛ржБржзрж╛рж░ ржЙрждрзНрждрж░ рж╣рж▓рзЛ ржЫрж╛ржпрж╝рж╛ред"
"ржПржХржЯрзБржЦрж╛ржирж┐ ржкрзБрж╕рзНржХржирж┐, ржкрж╛ржирж┐ ржЯрж▓ржорж▓ ржХрж░рзЗред
рж░рж╛ржЬрж╛рж░ ржЫрзЗрж▓рзЗрж░ рж╕рж╛ржзрзНржп ржирзЗржЗ, ржЬрж╛рж▓ ржлрзЗрж▓рждрзЗ ржкрж╛рж░рзЗ",ржЪрзЛржЦ,"""ржиржжрзА"" ржмрж╛ ""ржкрзБржХрзБрж░""","""ржПржХржЯрзБржЦрж╛ржирж┐ ржкрзБрж╕рзНржХржирж┐, ржкрж╛ржирж┐ ржЯрж▓ржорж▓ ржХрж░рзЗ"": ржкрзБржХрзБрж░ ржмрж╛ ржиржжрзАрж░ ржкрж╛ржирж┐ ржЕржирзЗржХ рж╕ржорзЯ ржерзЗржорзЗ ржерж╛ржХрзЗ, ржХрж┐ржирзНрждрзБ ржПржХржЯрзБржЦрж╛ржирж┐ ржкрзБрж╕рзНржХржирж┐ ржмрж╛ ржЫрзЛржЯ ржХржорзНржкржирзЗржУ ржкрж╛ржирж┐ ржЯрж▓ржорж▓ ржмрж╛ ржврзЗржЙ рждрзИрж░рж┐ рж╣рзЯред
""рж░рж╛ржЬрж╛рж░ ржЫрзЗрж▓рзЗрж░ рж╕рж╛ржзрзНржп ржирзЗржЗ, ржЬрж╛рж▓ ржлрзЗрж▓рждрзЗ ржкрж╛рж░рзЗ"": ржПржЦрж╛ржирзЗ ржмрзЛржЭрж╛ржирзЛ рж╣ржЪрзНржЫрзЗ ржпрзЗ, ржПржХржЯрж┐ ржкрзБржХрзБрж░ ржмрж╛ ржиржжрзАрждрзЗ ржорж╛ржЫ ржзрж░рждрзЗ ржЬрж╛рж▓ ржлрзЗрж▓рждрзЗ рж╕рж╣ржЬ ржирзЯ, ржмрж┐рж╢рзЗрж╖ ржХрж░рзЗ ржпржжрж┐ ржкрж╛ржирж┐рж░ ржЧржнрзАрж░рждрж╛ ржмрж╛ ржкрж░рж┐рж╕рзНржерж┐рждрж┐ ржХржарж┐ржи рж╣рзЯред ржЕрж░рзНржерж╛рзО, ржПржоржи ржПржХржЯрж┐ ржкрж░рж┐ржмрзЗрж╢, ржпрзЗржЦрж╛ржирзЗ ржПржоржи ржХрж╛ржЬ ржХрж░рж╛ рж╕рж╣ржЬ ржирзЯ, ржПржоржиржХрж┐ ржХрзНрж╖ржорждрж╛рж╢рж╛рж▓рзА ржорж╛ржирзБрж╖ржУ (рж░рж╛ржЬрж╛рж░ ржЫрзЗрж▓рзЗ) ржП ржХрж╛ржЬ ржХрж░рждрзЗ ржкрж╛рж░рзЗ ржирж╛ред",,,,
"ржПржХржЯрж┐ ржЧрж╛ржЫрзЗрж░ ржмрж╛ржБржЯ ржирж╛ржЗ,
рждржмрзБ ржжрзБржЧрзНржз рж╣рзЯ ржкрзНрж░ржЪрзБрж░ред
ржжрзЛрж╣ржиржХрж╛рж▓рзЗ ржерж╛ржХрзЗ ржирж╛ржХрзЛ,
рждрж╛рж░ ржирж┐ржХржЯрзЗ ржмрж╛ржЫрзБрж░",рждрж╛рж▓ржЧрж╛ржЫ,ржХрж╛ржк,"""ржПржХржЯрж┐ ржЧрж╛ржЫрзЗрж░ ржмрж╛ржБржЯ ржирж╛ржЗ, рждржмрзБ ржжрзБржЧрзНржз рж╣рзЯ ржкрзНрж░ржЪрзБрж░"": ржЧрж╛ржЫрзЗрж░ ржмрж╛ржБржЯ ржирж╛ ржерж╛ржХрж▓рзЗржУ ржХрж╛ржк ржмрж╛ ржЧрзНрж▓рж╛рж╕рзЗ ржжрзБржз ржерж╛ржХрждрзЗ ржкрж╛рж░рзЗ, ржЕрж░рзНржерж╛рзО ржПржЯрж╛ ржПржХржЯрж┐ ржмрж╕рзНрждрзБ ржпрж╛ ржХрзЛржирзЛ ржЧрж╛ржЫрзЗрж░ ржЕржВрж╢ ржирзЯ ржХрж┐ржирзНрждрзБ рждрж╛рждрзЗ ржжрзБржз ржмрж╛ рждрж░рж▓ ржерж╛ржХрзЗред
""ржжрзЛрж╣ржиржХрж╛рж▓рзЗ ржерж╛ржХрзЗ ржирж╛ржХрзЛ, рждрж╛рж░ ржирж┐ржХржЯрзЗ ржмрж╛ржЫрзБрж░"": ржХрж╛ржк ржмрж╛ ржЧрзНрж▓рж╛рж╕рзЗрж░ ржХрж╛ржЫрзЗ ржХрзЛржирзЛ ржмрж╛ржЫрзБрж░ ржерж╛ржХрзЗ ржирж╛, ржХрж╛рж░ржг ржХрж╛ржкрзЗрж░ ржоржзрзНржпрзЗ ржжрзБржз ржерж╛ржХрзЗ, ржХрж┐ржирзНрждрзБ ржкрзНрж░ржХрзГржд ржмрж╛ржЫрзБрж░рзЗрж░ ржжрж░ржХрж╛рж░ ржирзЗржЗред",,,,
"ржПржХржЯрж┐ рж╣рж▓рзЗ ржХрж╛ржЬ рж╣ржмрзЗ ржирж╛, ржжрзБржЯрж┐ ржХрж┐ржирзНрждрзБ ржЪрж╛ржЗред
ржжрзБржЯрж┐ ржкрзЗрж▓рзЗ, рж╣ржмрзЗ ржЪрж╛рж╖рзА ржнрж╛ржЗ",ржмрж▓ржж,рж╣рж╛ржд,"""ржПржХржЯрж┐ рж╣рж▓рзЗ ржХрж╛ржЬ рж╣ржмрзЗ ржирж╛, ржжрзБржЯрж┐ ржХрж┐ржирзНрждрзБ ржЪрж╛ржЗ"": ржПржХ рж╣рж╛рждрзЗ ржХрж╛ржЬ ржХрж░рж╛ ржХржарж┐ржи, ржХрж┐ржирзНрждрзБ ржжрзБржЯрж┐ рж╣рж╛ржд ржерж╛ржХрж▓рзЗ ржХрж╛ржЬ рж╕рж╣ржЬрзЗ ржХрж░рж╛ ржпрж╛рзЯред
""ржжрзБржЯрж┐ ржкрзЗрж▓рзЗ, рж╣ржмрзЗ ржЪрж╛рж╖рзА ржнрж╛ржЗ"": ржжрзБржЯрж┐ рж╣рж╛ржд ржерж╛ржХрж▓рзЗ ржЪрж╛рж╖рзА ржмрж╛ ржХрзГрж╖ржХ рж╕рж╣ржЬрзЗ рждрж╛рж░ ржХрж╛ржЬ (ржпрзЗржоржи, ржЦрзЗрждрзЗрж░ ржХрж╛ржЬ) ржХрж░рждрзЗ ржкрж╛рж░рзЗржиред",,,,
"ржПржХржЯрж┐ ржЕржХрзНрж╖рж░ рж╢рж┐ржХрзНрж╖ржХрзЗ ржЖржЫрзЗ, ржкржирзНржбрж┐рждрзЗ ржирзЗржЗред
ржХрж╛ржиржирзЗ ржЖржЫрзЗ, ржмрж╛ржЧрж╛ржирзЗ ржирзЗржЗ",ржХ,ржЗ,"""ржПржХржЯрж┐ ржЕржХрзНрж╖рж░ рж╢рж┐ржХрзНрж╖ржХрзЗ ржЖржЫрзЗ, ржкржирзНржбрж┐рждрзЗ ржирзЗржЗ"": рж╢ржмрзНржж ""рж╢рж┐ржХрзНрж╖ржХ"" ржП ""ржЗ"" ржЕржХрзНрж╖рж░ рж░рзЯрзЗржЫрзЗ, ржХрж┐ржирзНрждрзБ ""ржкржирзНржбрж┐ржд"" рж╢ржмрзНржжрзЗ ""ржЗ"" ржЕржХрзНрж╖рж░ ржирзЗржЗред
""ржХрж╛ржиржирзЗ ржЖржЫрзЗ, ржмрж╛ржЧрж╛ржирзЗ ржирзЗржЗ"": рж╢ржмрзНржж ""ржХрж╛ржиржи"" (ржЕрж░рзНржерж╛рзО, ржмржирзЗ ржмрж╛ ржмржиржнрзВржорж┐) ржП ""ржЗ"" ржЕржХрзНрж╖рж░ рж░рзЯрзЗржЫрзЗ, ржХрж┐ржирзНрждрзБ ""ржмрж╛ржЧрж╛ржи"" рж╢ржмрзНржжрзЗ ""ржЗ"" ржЕржХрзНрж╖рж░ ржирзЗржЗред",,,,
"ржПрждрзЛ ржнрж╛рж▓рзЛ ржмрж┐ржЫрж╛ржирж╛, ржХрзЗржЙ ржпрзЗржи ржмрж╕рзЗ ржирж╛",ржкрж╛ржирж┐,ржкрж╛рж▓ржВ,"""ржПрждрзЛ ржнрж╛рж▓рзЛ ржмрж┐ржЫрж╛ржирж╛, ржХрзЗржЙ ржпрзЗржи ржмрж╕рзЗ ржирж╛"": ржПржЦрж╛ржирзЗ ""ржкрж╛рж▓ржВ"" ржмрж╛ рж╢ржпрзНржпрж╛ ржЗржЩрзНржЧрж┐ржд ржХрж░рж╛ рж╣ржЪрзНржЫрзЗ, ржпрж╛ ржЦрзБржм ржнрж╛рж▓рзЛ ржПржмржВ ржЖрж░рж╛ржоржжрж╛рзЯржХ, ржХрж┐ржирзНрждрзБ ржПржЯрж┐ ржпрзЗржи ржХрзЗржЙ ржмрж╕рзЗ ржирж╛ ржмрж╛ ржмрж╕рж╛рж░ ржЬржирзНржп ржирзЯтАФржмрж░ржВ рж╢рзЛржмрж╛рж░ ржЬржирзНржпред ржкрж╛рж▓ржВ рж╕рж╛ржзрж╛рж░ржгржд рж╢рзЛрзЯрж╛рж░ ржЬржирзНржп ржмрзНржпржмрж╣рзГржд рж╣рзЯ, рждрж╛ржЗ ржПржЯрж┐ ""ржмрж╕рж╛"" ржмрж╛ ""ржмрж╕рж╛рж░"" ржЬржирзНржп ржЙржкржпрзБржХрзНржд ржирзЯред",,,,
"ржПржоржи ржПржХржЯрж┐ ржХрж╛ржкрзЗрж░ ржирж╛ржо ржмрж▓рзЛ ржжрзЗржЦрж┐ ржнрж╛ржЗ,
ржпрзЗ ржХрж╛ржкрзЗрждрзЗ ржЪрж╛ ржЪрж┐ржирж┐, ржжрзБржз ржкрж╛ржирж┐ ржПржХржЯрзБржУ ржирзЗржЗ",рж╣рж┐рж░рзЛ ржХрж╛ржк,рж╢рзБржХржирзЛ ржХрж╛ржк,"""ржПржоржи ржПржХржЯрж┐ ржХрж╛ржкрзЗрж░ ржирж╛ржо ржмрж▓рзЛ ржжрзЗржЦрж┐ ржнрж╛ржЗ, ржпрзЗ ржХрж╛ржкрзЗрждрзЗ ржЪрж╛ ржЪрж┐ржирж┐, ржжрзБржз ржкрж╛ржирж┐ ржПржХржЯрзБржУ ржирзЗржЗ"": ржПржЦрж╛ржирзЗ ""рж╢рзБржХржирзЛ ржХрж╛ржк"" ржмрзЛржЭрж╛ржирзЛ рж╣ржЪрзНржЫрзЗ, ржпрзЗржЦрж╛ржирзЗ ржЪрж╛, ржЪрж┐ржирж┐, ржжрзБржз ржмрж╛ ржкрж╛ржирж┐ ржХрж┐ржЫрзБржЗ ржирзЗржЗред ржПржЯрж╛ рж╢рзБржзрзБржорж╛рждрзНрж░ ржПржХржЯрж┐ ржХрж╛ржк, ржпрзЗржЦрж╛ржирзЗ ржХрзЛржирзЛ рждрж░рж▓ ржирзЗржЗред",,,,
"ржПрж░рж╛ ржмрж╛ржкржмрзЗржЯрж╛ ржУрж░рж╛ ржмрж╛ржкржмрзЗржЯрж╛ рждрж╛рж▓рждрж▓рж╛ ржжрж┐рзЯрзЗ ржпрж╛рзЯред
рждрж┐ржиржЯрж┐ рждрж╛рж▓ ржкрзЬрж▓рзЗ рждрж╛рж░рж╛, рж╕ржорж╛ржи ржнрж╛ржЧрзЗ ржкрж╛рзЯ","ржмрж╛ржк, ржЫрзЗрж▓рзЗ, ржирж╛рждрж┐",ржкржжрзНржо,"""ржПрж░рж╛ ржмрж╛ржкржмрзЗржЯрж╛, ржУрж░рж╛ ржмрж╛ржкржмрзЗржЯрж╛ рждрж╛рж▓рждрж▓рж╛ ржжрж┐рзЯрзЗ ржпрж╛рзЯ"": ржПржЯрж┐ ржмрзЛржЭрж╛ржЪрзНржЫрзЗ ржпрзЗ, ржПржЦрж╛ржирзЗ ""ржкржжрзНржо"" ржмрж╛ ""ржкржжрзНржоржлрзБрж▓"" рж╕ржорзНржкрж░рзНржХрж┐ржд ржПржХржЯрж┐ ржзрж╛рж░ржгрж╛ рждрзБрж▓рзЗ ржзрж░рж╛ рж╣ржЪрзНржЫрзЗред ""рждрж╛рж▓рждрж▓рж╛ ржжрж┐рзЯрзЗ ржпрж╛ржУрзЯрж╛рж░"" ржзрж╛рж░ржгрж╛ ржПржЦрж╛ржирзЗ ржЧрж╛ржЫ ржмрж╛ ржкрзНрж░ржХрзГрждрж┐рж░ ржоржзрзНржпрзЗржЗ рж╕ржВржпрзБржХрзНржд рж╣рждрзЗ ржкрж╛рж░рзЗред
""рждрж┐ржиржЯрж┐ рждрж╛рж▓ ржкрзЬрж▓рзЗ рждрж╛рж░рж╛, рж╕ржорж╛ржи ржнрж╛ржЧрзЗ ржкрж╛рзЯ"": ""рждрж┐ржиржЯрж┐ рждрж╛рж▓"" ржжрзНржмрж╛рж░рж╛ ржмрзБржЭрж╛ржирзЛ рж╣ржЪрзНржЫрзЗ, ржпрзЗ ржПржХржЯрж┐ рждрж╛рж▓ ржЧрж╛ржЫрзЗрж░ рждрж┐ржиржЯрж┐ ржЕржВрж╢ ржмрж╛ ржЧрзБржг ржерж╛ржХрзЗ ржПржмржВ ржПржЗ ржЕржВрж╢ржЧрзБрж▓рзЛ рж╕ржорж╛ржиржнрж╛ржмрзЗ ржнрж╛ржЧ рж╣рзЯред",,,,
"ржПржХ ржмрзГржХрзНрж╖рзЗ ржлрзБржЯрзЗржЫрзЗ, ржПржХ ржЬрзЛрзЬрж╛ ржлрзБрж▓ред
рж╣рзАрж░рж╛ ржорж╛ржирж┐ржХ ржХржнрзБ ржирзЯ, рждрж╛рж░ рж╕ржорждрзБрж▓",ржЪрзЛржЦ,ржЪрзЛржЦ,"""ржПржХ ржмрзГржХрзНрж╖рзЗ ржлрзБржЯрзЗржЫрзЗ, ржПржХ ржЬрзЛрзЬрж╛ ржлрзБрж▓"": ржПржЦрж╛ржирзЗ ""ржЪрзЛржЦ"" ржмрзЛржЭрж╛ржирзЛ рж╣ржЪрзНржЫрзЗ, ржХрж╛рж░ржг ржорж╛ржирзБрж╖рзЗрж░ ржЪрзЛржЦрзЗрж░ ржжрзБржЗржЯрж┐ ржЕржВрж╢ ржПржХрзЗ ржЕржкрж░рзЗрж░ рж╕рж╛ржерзЗ ржорж┐рж▓рж┐ржд рж╣рзЯрзЗ ""ржЬрзЛрзЬрж╛ ржлрзБрж▓"" ржПрж░ ржорждрзЛ ржжрзЗржЦрждрзЗред
""рж╣рзАрж░рж╛ ржорж╛ржирж┐ржХ ржХржнрзБ ржирзЯ, рждрж╛рж░ рж╕ржорждрзБрж▓"": ржЪрзЛржЦрзЗрж░ ржкрж┐ржкржБрж▓ ржмрж╛ ржХрж░рзНржирж┐рзЯрж╛ ржЦрзБржм ржЭржХржЭржХрзЗ, ржпрж╛ рж╣рзАрж░рзЗрж░ ржорждрзЛ ржЪржХржЪржХ ржХрж░рзЗ, рждржмрзЗ рждрж╛ рж╣рзАрж░рж╛ ржмрж╛ ржорж╛ржирж┐ржХрзЗрж░ рж╕ржорждрзБрж▓рзНржп ржирзЯтАФржПржЯрж┐ ржПржХржЯрж┐ ржкрзНрж░рж╛ржХрзГрждрж┐ржХ рж░рждрзНржирзЗрж░ ржорждрзЛ, ржХрж┐ржирзНрждрзБ рждрж╛ рж╕ржорзНржкрзВрж░рзНржг ржЖрж▓рж╛ржжрж╛ред",,,,
"ржПржХ ржмрж╛рзЬрж┐рж░ ржжрзБржЗ ржжрж░рзЛржЬрж╛ ржжрж┐рзЯрж╛ ржЬрж▓ ржЧрзЬрж┐рзЯрзЗ ржкрзЬрзЗ,
рж╣рж╛ржУрзЯрж╛ ржЫрж╛рзЬрж╛ ржЖрж░ рж╣рж╛ржУрзЯрж╛ ржирзЗрзЯрж╛рж░ ржкрж░рзЗ",рж╕рж░рзНржжрж┐,ржирж╛ржХ,"""ржПржХ ржмрж╛рзЬрж┐рж░ ржжрзБржЗ ржжрж░рзЛржЬрж╛ ржжрж┐рзЯрж╛ ржЬрж▓ ржЧрзЬрж┐рзЯрзЗ ржкрзЬрзЗ"": ржирж╛ржХрзЗрж░ ржжрзБржЯрж┐ ржирж░ржЯ (ржЕржержмрж╛ ржжрзБржЗ ржирж╛рж╕рж┐ржХрж╛ ржкрже) ржжрзНржмрж╛рж░рж╛ ржЬрж▓ (ржЕржержмрж╛ ржЕрж╢рзНрж░рзБ) ржЧрзЬрж┐рзЯрзЗ ржкрзЬрзЗред
""рж╣рж╛ржУрзЯрж╛ ржЫрж╛рзЬрж╛ ржЖрж░ рж╣рж╛ржУрзЯрж╛ ржирзЗрзЯрж╛рж░ ржкрж░рзЗ"": ржирж╛ржХ ржжрж┐рзЯрзЗ рж╢рзНржмрж╛рж╕ ржирзЗржУрзЯрж╛ рж╣рзЯ, ржЕрж░рзНржерж╛рзО рж╣рж╛ржУрзЯрж╛ ржирзЗрзЯрж╛рж░ ржкрж░рзЗ ржирж╛ржХ ржХрж╛ржЬ ржХрж░рзЗред",,,,
"ржПржХ ржмрзБрзЬрж┐рж░ ржЖржЫрзЗ ржмрж╛рж░рзЛржЯрж┐ ржЫрзЗрж▓рзЗред
рждрж╛рж░ ржмрж╛рж░рзЛ ржШрж░рзЗ ржерж╛ржХрзЗ ржПржЦржи ржЯрж┐ ржЫрзЗрж▓рзЗ",ржмрзОрж╕рж░,ржШрж░ (ржмрж┐рж╢рзНржмрж╛рж╕) ржмрж╛ ржЖржЩрзБрж▓,"""ржПржХ ржмрзБрзЬрж┐рж░ ржЖржЫрзЗ ржмрж╛рж░рзЛржЯрж┐ ржЫрзЗрж▓рзЗ"": ржПржЦрж╛ржирзЗ ""ржмрзБрзЬрж┐"" ржмрзЛржЭрж╛ржирзЛ рж╣ржЪрзНржЫрзЗ ржПржХржЬржи ржорж╛ржирзБрж╖рзЗрж░ рж╣рж╛ржд ржмрж╛ ржЖржЩрзБрж▓ржХрзЗред
""рждрж╛рж░ ржмрж╛рж░рзЛ ржШрж░рзЗ ржерж╛ржХрзЗ ржПржЦржи ржЯрж┐ ржЫрзЗрж▓рзЗ"": ""ржмрж╛рж░рзЛ ржШрж░"" рж╣ржЪрзНржЫрзЗ ржмрж╛рж░рзЛржЯрж┐ ржЖржЩрзБрж▓ (ржпрждржЧрзБрж▓рзЛ ржЖржЩрзБрж▓ рж╣рж╛рждрзЗрж░ ржоржзрзНржпрзЗ ржерж╛ржХрзЗ)ред ржПржЗ ржЖржЩрзБрж▓рзЗрж░ ржоржзрзНржпрзЗ ржорж╛ржЭрзЗ ржорж╛ржЭрзЗ ржХрж┐ржЫрзБ ржЫрзЗрж▓рзЗржорзЗрзЯрзЗ ""ржЯрзА"" ржЙржкрж╕рзНржерж┐ржд ржерж╛ржХрзЗ, ржЕрж░рзНржерж╛рзО ржХрзНрж╖рзБржжрзНрж░ ржмрж╛ ржХрзНрж╖рзБржжрзНрж░рж╛рждрж┐ржХрзНрж╖рзНржг ржЕржВрж╢ рж╣рж┐рж╕рзЗржмрзЗред",,,,
"ржПржХ ржЧрж╛ржЫрзЗ рждрж┐ржи рждрж░ржХрж╛рж░рзА,
ржЖржЬржм ржХржерж╛ ржмрж▓рж┐ рж╣рж╛рзЬрж┐",ржХрж▓рж╛ржЧрж╛ржЫ,рж▓ржЩрзНржХрж╛,"""ржПржХ ржЧрж╛ржЫрзЗ рждрж┐ржи рждрж░ржХрж╛рж░рзА"": рж▓ржЩрзНржХрж╛ ржЧрж╛ржЫрзЗ рж╕рж╛ржзрж╛рж░ржгржд ржПржХрж╕ржЩрзНржЧрзЗ ржЕржирзЗржХ ржзрж░ржирзЗрж░ рждрж░ржХрж╛рж░рзА ржмрж╛ ржорж╢рж▓рж╛ ржЬржирзНржорж╛рзЯ, ржпрж╛рж░ ржоржзрзНржпрзЗ рж▓ржЩрзНржХрж╛ржУ ржерж╛ржХрждрзЗ ржкрж╛рж░рзЗред
""ржЖржЬржм ржХржерж╛ ржмрж▓рж┐ рж╣рж╛рзЬрж┐"": ""рж╣рж╛рзЬрж┐"" ржПржЦрж╛ржирзЗ ржХрзМрждрзБржХржкрзВрж░рзНржгржнрж╛ржмрзЗ ржмрзЛржЭрж╛ржЪрзНржЫрзЗ ржпрзЗ рж▓ржЩрзНржХрж╛рж░ рж╕рзНржмрж╛ржж ржПржд рждрзАржмрзНрж░ ржпрзЗ, рждрж╛ ржХржерж╛ржУ ржмрж▓рждрзЗ ржкрж╛рж░рзЗ, ржЕрж░рзНржерж╛рзО рж▓ржЩрзНржХрж╛рж░ рж╢ржХрзНрждрж┐ ржУ рж╕рзНржкрж╛ржЗрж╕рж┐ ржЪрж░рж┐рждрзНрж░рзЗрж░ ржкрзНрж░рждрж┐ ржЗржЩрзНржЧрж┐ржд ржХрж░рж╛ рж╣ржЪрзНржЫрзЗред",,,,
"ржПржХ ржЧрж╛ржЫрзЗ ржмрж╣рзБ ржлрж▓, ржЧрж╛рзЯрзЗ ржХрж╛ржЯрж╛ ржХрж╛ржБржЯрж╛ред
ржкрж╛ржХрж▓рзЗ ржЫрж╛рзЬрж╛ржУ ржпржжрж┐, рж╣рж╛рждрзЗ рж▓рж╛ржЧрзЗ ржЖржарж╛",ржХрж╛ржарж╛ржБрж▓,ржХрж╛ржБржарж╛рж▓,"""ржПржХ ржЧрж╛ржЫрзЗ ржмрж╣рзБ ржлрж▓, ржЧрж╛рзЯрзЗ ржХрж╛ржЯрж╛ ржХрж╛ржБржЯрж╛"": ржХрж╛ржБржарж╛рж▓ ржЧрж╛ржЫрзЗ ржЕржирзЗржХ ржлрж▓ ржЬржирзНржорзЗ ржПржмржВ ржХрж╛ржБржарж╛рж▓рзЗрж░ ржмрж╛ржЗрж░рзЗрж░ ржЕржВрж╢рзЗ ржХрж╛ржБржЯрж╛ ржерж╛ржХрзЗред
""ржкрж╛ржХрж▓рзЗ ржЫрж╛рзЬрж╛ржУ ржпржжрж┐, рж╣рж╛рждрзЗ рж▓рж╛ржЧрзЗ ржЖржарж╛"": ржХрж╛ржБржарж╛рж▓ ржкрж╛ржХрж▓рзЗ рждрж╛рж░ ржнрж┐рждрж░рзЗрж░ ржЕржВрж╢ ржерзЗржХрзЗ ржЖржарж╛рж▓рзЛ ржкржжрж╛рж░рзНрже ржмрзЗрж░ рж╣рзЯ, ржпрж╛ рж╣рж╛рждрзЗ рж▓рзЗржЧрзЗ ржпрж╛рзЯред",,,,
"ржПржХ рж╕рж╛ржерзЗ рж╕рж╛рждржЯрж╛ рж░ржЩ,
ржХрзЛржерж╛рзЯ ржерж╛ржХрзЗ ржмрж▓рзЛред
ржирж╛ ржкрж╛рж░рж▓рзЗ ржмрзБржЭржмрзЛ,
рждрзБржорж┐ ржмрж┐ржЬрзНржЮрж╛ржирзЗ ржиржУ ржнрж╛рж▓",рж░ржВржзржирзБ,"""ржмрзГрж╖рзНржЯрж┐"" ржмрж╛ ""рж░ржВржзржирзБ""","""ржПржХ рж╕рж╛ржерзЗ рж╕рж╛рждржЯрж╛ рж░ржЩ"": ржмрж░рзНржгрж╛рж▓рж┐ ржмрж╛ рж░рзЗржЗржиржмрзЛ рж╕рж╛рждржЯрж┐ рж░ржЩрзЗрж░ ржПржХржЯрж┐ ржзрж╛рж░рж╛ржмрж╛рж╣рж┐ржХрждрж╛, ржпрж╛ ржмрзГрж╖рзНржЯрж┐рж░ ржкрж░ рж╕рзВрж░рзНржпрзЗрж░ ржЖрж▓рзЛрждрзЗ ржжрзЗржЦрж╛ ржпрж╛рзЯред
""ржХрзЛржерж╛рзЯ ржерж╛ржХрзЗ ржмрж▓рзЛ"": ржмрзГрж╖рзНржЯрж┐ ржмрж╛ ржмрж░рзНржгрж╛рж▓рж┐ ржЖржХрж╛рж╢рзЗ ржерж╛ржХрзЗред
""ржирж╛ ржкрж╛рж░рж▓рзЗ ржмрзБржЭржмрзЛ, рждрзБржорж┐ ржмрж┐ржЬрзНржЮрж╛ржирзЗ ржиржУ ржнрж╛рж▓"": рж░рзЗржЗржиржмрзЛ ржмрж╛ ржмрж░рзНржгрж╛рж▓рж┐ рж╣рж▓рзЛ ржмрж┐ржЬрзНржЮрж╛ржирзЗрж░ ржПржХржЯрж┐ ржкрзНрж░рж╛ржХрзГрждрж┐ржХ ржШржЯржирж╛, ржпрж╛ ржмрж╛рждрж╛рж╕рзЗрж░ ржнрзЗржЬрж╛ ржХржгрж╛рзЯ рж╕рзВрж░рзНржпрзЗрж░ ржЖрж▓рзЛ ржкрзНрж░рждрж┐ржлрж▓рж┐ржд рж╣ржУрзЯрж╛рж░ ржлрж▓рзЗ ржжрзЗржЦрж╛ ржпрж╛рзЯред",,,,
"ржПржХ рж╢рж╛рж▓рж┐ржХрзЗрж░ рждрж┐ржи ржорж╛ржерж╛, ржжрзЗрж╣ ржорзБржЦрзЗ ржЖржарж╛ред
ржмрж╛ржХрзНрж╕рзЗрж░ ржнрж┐рждрж░ ржлрзЗрж▓рж┐ рждржмрзБ, ржпрж╛рзЯ ржжрзЗрж╢ ржмрж┐ржжрзЗрж╢ред",ржЪрж┐ржарж┐,ржХрж▓ржо,"""ржПржХ рж╢рж╛рж▓рж┐ржХрзЗрж░ рждрж┐ржи ржорж╛ржерж╛"": ржХрж▓ржорзЗрж░ ржорж╛ржерж╛ ржмрж╛ ржкрзЗржирзЗрж░ рждрж┐ржиржЯрж┐ ржЕржВрж╢ ржерж╛ржХрждрзЗ ржкрж╛рж░рзЗтАФржПржЯрж┐ ржорзЗржЯрж╛ржлрзЛрж░рж┐ржХрзНржпрж╛рж▓ржнрж╛ржмрзЗ ржмрзЛржЭрж╛ржирзЛ рж╣ржЪрзНржЫрзЗред
""ржжрзЗрж╣ ржорзБржЦрзЗ ржЖржарж╛"": ржХрж▓ржорзЗрж░ ржЧржаржи ржмрж╛ ржХрж╛рж▓рж┐ (ржпрж╛ рж▓рзЗржЦрж╛рж░ ржЬржирзНржп ржмрзНржпржмрж╣рзГржд) ржЖржарж╛рж░ ржорждрзЛ рж▓рж╛ржЧрждрзЗ ржкрж╛рж░рзЗред
""ржмрж╛ржХрзНрж╕рзЗрж░ ржнрж┐рждрж░ ржлрзЗрж▓рж┐ рждржмрзБ, ржпрж╛рзЯ ржжрзЗрж╢ ржмрж┐ржжрзЗрж╢"": ржХрж▓ржо ржпржЦржи ржмрзНржпрж╛ржЧрзЗ ржмрж╛ ржмрж╛ржХрзНрж╕рзЗ рж░рж╛ржЦрж╛ рж╣рзЯ, рждржмрзБржУ рждрж╛ рж▓рзЗржЦрж╛рж░ ржЬржирзНржп ржмрзНржпржмрж╣рж╛рж░ ржХрж░рж╛ рж╣рзЯ ржПржмржВ рждрж╛рж░ ржорж╛ржзрзНржпржорзЗ ржмрж╛рж░рзНрждрж╛ ржмрж╛ ржЪрж┐ржарж┐ ржмрж┐ржнрж┐ржирзНржи ржЬрж╛рзЯржЧрж╛рзЯ ржкрзМржБржЫрж╛рзЯред",,,,
ржПржХ ржШрж░рзЗ ржПржХ ржерж╛ржоред ржмрж▓ ржХрж┐ рждрж╛рж░ ржирж╛ржо,ржЫрж╛рждрж╛,ржШрзЬрж┐,"""ржПржХ ржШрж░рзЗ ржПржХ ржерж╛ржо"": ржШрзЬрж┐рж░ ржоржзрзНржпрзЗ ржПржХржЯрж┐ ржирж┐рж░рзНржжрж┐рж╖рзНржЯ ржерж╛ржо ржерж╛ржХрзЗ, ржпрж╛ ржШрзЬрж┐рж░ ржХрж╛ржБржЯрж╛рж░ ржорж╛ржзрзНржпржорзЗ рж╕ржорзЯ ржжрзЗржЦрж╛рзЯред
""ржмрж▓ ржХрж┐ рждрж╛рж░ ржирж╛ржо"": ржПржЗ ржерж╛ржоржЯрж┐рж░ ржирж╛ржо ""ржШрзЬрж┐""ред",,,,
"ржП ржХрзЛржи ржмрзНржпрж╛ржЯрж╛ рж╢рзЯрждрж╛ржи,
ржерж╛ржХрзЗ ржмрж╕рзЗ ржзрж░рзЗ ржХрж╛ржи",ржЪрж╢ржорж╛,ржкрж┐ржкржБржбрж╝рзЗ,"""ржП ржХрзЛржи ржмрзНржпрж╛ржЯрж╛ рж╢рзЯрждрж╛ржи"": ржкрж┐ржкржБржбрж╝рзЗ ржЫрзЛржЯ ржПржмржВ ржХржЦржирзЛ ржХржЦржирзЛ ржмрж┐рж░ржХрзНрждрж┐ржХрж░ ржоржирзЗ рж╣рждрзЗ ржкрж╛рж░рзЗ, ржпрзЗржоржи рж╢рзЯрждрж╛ржиред
""ржерж╛ржХрзЗ ржмрж╕рзЗ ржзрж░рзЗ ржХрж╛ржи"": ржкрж┐ржкржБржбрж╝рзЗ ржЕржирзЗржХ рж╕ржорзЯ ржорж╛ржирзБрж╖рзЗрж░ ржХрж╛ржи, ржмрж╛ ржЕржирзНржп ржХрзЛржирзЛ ржЕржВрж╢рзЗ ржмрж╕рзЗ ржерж╛ржХрждрзЗ ржкрж╛рж░рзЗ ржПржмржВ ржмрж┐рж░ржХрзНрждрж┐ рж╕рзГрж╖рзНржЯрж┐ ржХрж░рждрзЗ ржкрж╛рж░рзЗред",,,,
"ржПржкрж╛рж░ ржЭрж╛ржЯрж┐,
ржУржкрж╛рж░ ржЭрж╛ржЯрж┐ред
ржЭрж╛ржЯрж┐рждрзЗ ржХрж░рзЗ,
ржкрж┐ржЯрж╛ ржкрж┐ржЯрж┐ред",ржЪрзЛржЦрзЗрж░ ржкрж╛рждрж╛,ржШржгрзНржЯрж╛,"""ржПржкрж╛рж░ ржЭрж╛ржЯрж┐, ржУржкрж╛рж░ ржЭрж╛ржЯрж┐"": ржШржгрзНржЯрж╛рж░ ржжрзБржЗ ржкрж╛рж╢, ржЕрж░рзНржерж╛рзО ржШржгрзНржЯрж╛рж░ ржЧрж╛рзЯрзЗрж░ ржмрж┐ржнрж┐ржирзНржи ржЕржВрж╢ ржпрзЗржоржи ржШрзЗрж░ ржмрж╛ ржмрж╛ржБржХрж╛ ржЕржВрж╢ ржпрж╛ ржжрзЗржЦрждрзЗ ржЭрж╛ржЯрж┐ (ржЭрж╛рзЬрзБ) ржПрж░ ржорждрзЛред
""ржЭрж╛ржЯрж┐рждрзЗ ржХрж░рзЗ, ржкрж┐ржЯрж╛ ржкрж┐ржЯрж┐"": ржШржгрзНржЯрж╛рж░ ржЧрж▓рж╛рж░ ржоржзрзНржпрзЗ ржПржХржЯрж┐ ржкрж┐ржЯ ржмрж╛ рж╣рж╛рждрж▓ ржерж╛ржХрзЗ, ржпрж╛ ржмрж╛ржЬрж╛ржирзЛрж░ рж╕ржорзЯ ""ржкрж┐ржЯрж╛ ржкрж┐ржЯрж┐"" рж╢ржмрзНржж рждрзИрж░рж┐ ржХрж░рзЗред",,,,
"рждрж┐ржи ржЕржХрзНрж╖рж░рзЗ ржирж╛ржо ржпрж╛рж░, ржпрж╛рждрзЗ рждрзИрж░рж┐ рждрж╛рждрзЗржЗ ржнрзЗрж╕рзЗ, рж╢рзЗрж╖рзЗрж░ ржЕржХрзНрж╖рж░ ржмрж╛ржж ржжрж┐рж▓рзЗ рж╕рзЛржЬрж╛ ржмрж┐ржпрж╝рзЗрж░ ржкрж┐ржБржбрж╝рж┐рждрзЗ ржмрж╕рзЗ"" ржмрж▓ ржХрж┐ рж╕рзЗржЗ ржорж╛рж▓??",ржмрж░ржл,ржбрзЛржмрж╛,"""рждрж┐ржи ржЕржХрзНрж╖рж░рзЗ ржирж╛ржо ржпрж╛рж░, ржпрж╛рждрзЗ рждрзИрж░рж┐ рждрж╛рждрзЗржЗ ржнрзЗрж╕рзЗ"": ""ржбрзЛржмрж╛"" рж╢ржмрзНржжржЯрж┐ рждрж┐ржи ржЕржХрзНрж╖рж░рзЗрж░ред ржбрзЛржмрж╛ ржорж╛ржирзЗ ржкрж╛ржирж┐рждрзЗ ржбрзБржмрзЗ ржпрж╛ржУрзЯрж╛, ржпрж╛ ржнрзЗрж╕рзЗ ржпрж╛ржУрзЯрж╛рж░ рж╕рж╛ржерзЗ рж╕ржорзНржкрж░рзНржХрж┐рждред
""рж╢рзЗрж╖рзЗрж░ ржЕржХрзНрж╖рж░ ржмрж╛ржж ржжрж┐рж▓рзЗ рж╕рзЛржЬрж╛ ржмрж┐ржпрж╝рзЗрж░ ржкрж┐ржБржбрж╝рж┐рждрзЗ ржмрж╕рзЗ"": ""ржбрзЛржмрж╛"" ржерзЗржХрзЗ рж╢рзЗрж╖рзЗрж░ ""рж╛"" ржмрж╛ржж ржжрж┐рж▓рзЗ ""ржбрзЛржм"" рж╣рзЯрзЗ ржпрж╛рзЯ, ржпрж╛ ""ржм"" ржУ ""ржб"" ржПрж░ рж╕ржЩрзНржЧрзЗ ржмрж┐ржпрж╝рзЗрж░ ржкрж┐ржБржбрж╝рж┐ ржмрж╛ ржкрж╛рждрзНрж░рзЗрж░ ржирж╛ржорзЗрж░ ржзрж╛рж░ржгрж╛рж░ рж╕рж╛ржерзЗ ржорзЗрж▓рж╛ржирзЛ ржпрзЗрждрзЗ ржкрж╛рж░рзЗред",,,,
" ржмрж▓рждрзЛ ржХрж┐ ржПржЗ ржорж╛ржорж╛рж░ ржирж╛ржо, ржпрзЗ ржжрж┐ржирзЗ ржжрзЗржЦрж╛ ржжрзЗржпрж╝ ржХрж┐ржирзНрждрзБ рждрж╛ржХрзЗ ржжрзЗржЦрж╛ ржпрж╛ржпрж╝ржирж╛, ржЖрж░ рж░рж╛рждрзНрж░рзЗ рж╕рзЗ ржерж╛ржХрж▓рзЗржУ рждрж╛рж░ ржжрзЗржЦрж╛ ржкрж╛ржУржпрж╝рж╛ ржпрж╛ржпрж╝ ржирж╛?",рж╕рзВрж░рзНржп,ржЫрж╛рзЯрж╛,"""рж╕рзЗ ржжрж┐ржирзЗ ржжрзЗржЦрж╛ ржжрзЗржпрж╝ ржХрж┐ржирзНрждрзБ рждрж╛ржХрзЗ ржжрзЗржЦрж╛ ржпрж╛ржпрж╝ржирж╛"": ржЫрж╛рзЯрж╛ ржжрж┐ржирзЗ рж╕рзВрж░рзНржпрзЗрж░ ржЖрж▓рзЛрждрзЗ рждрзИрж░рж┐ рж╣рзЯ, рждржмрзЗ рж╕рж░рж╛рж╕рж░рж┐ ржЫрж╛рзЯрж╛ ржжрзЗржЦрждрзЗ ржкрж╛ржУрзЯрж╛ ржпрж╛рзЯ ржирж╛, рждрж╛ ржкрж░рж┐ржмрзЗрж╖рзНржЯрж┐ржд ржЬрж╛рзЯржЧрж╛рзЯ ржкрзНрж░ржХрзГрждржнрж╛ржмрзЗ ржЙржкрж╕рзНржерж┐ржд ржерж╛ржХрзЗред
""ржЖрж░ рж░рж╛рждрзНрж░рзЗ рж╕рзЗ ржерж╛ржХрж▓рзЗржУ рждрж╛рж░ ржжрзЗржЦрж╛ ржкрж╛ржУржпрж╝рж╛ ржпрж╛ржпрж╝ ржирж╛"": рж░рж╛рждрзНрж░рзЗ, ржЫрж╛рзЯрж╛ ржерж╛ржХрж▓рзЗржУ ржЖрж▓рзЛ ржХржо ржерж╛ржХрж╛рзЯ ржмрж╛ ржЕржнрж╛ржм ржерж╛ржХрж╛рзЯ ржЫрж╛рзЯрж╛ рж╕рзНржкрж╖рзНржЯржнрж╛ржмрзЗ ржжрзЗржЦрж╛ ржпрж╛рзЯ ржирж╛ред",,,,
"ржмрж▓ ржХрж┐ рждрж╛рж░ ржирж╛ржо, ржпрж╛рж░ ржжрж╛ржБржд ржЖржЫрзЗ ржХрж┐ржирзНрждрзБ ржХрж╛ржоржбрж╝ ржжрзЗржУржпрж╝рж╛ ржиржпрж╝ рждрж╛рж░ ржХрж╛ржо?",ржЪрж┐рж░рзБржирж┐,"""ржХрж╛ржЫрж┐"" ржмрж╛ ""ржХрж╛ржБржЪрж┐""","""рждрж╛рж░ ржжрж╛ржБржд ржЖржЫрзЗ ржХрж┐ржирзНрждрзБ ржХрж╛ржоржбрж╝ ржжрзЗржУржпрж╝рж╛ ржиржпрж╝ рждрж╛рж░ ржХрж╛ржо?"": ржХрж╛ржБржЪрж┐рж░ ржжрж╛ржБржд ржмрж╛ ржмрзНрж▓рзЗржб ржерж╛ржХрзЗ, ржХрж┐ржирзНрждрзБ ржПржЯрж┐ ржХрж╛ржоржбрж╝ ржжрзЗрзЯ ржирж╛ред рждрж╛рж░ ржХрж╛ржЬ рж╣рж▓рзЛ ржХрж╛ржЯрж╛, ржЕрж░рзНржерж╛рзО ржПржЯрж┐ ржХрж┐ржЫрзБ ржХрж╛ржЯрж╛ ржмрж╛ ржЫрзЗржБржЯрзЗ ржлрзЗрж▓рж╛рж░ ржЬржирзНржп ржмрзНржпржмрж╣рзГржд рж╣рзЯред",,,,
"ржмрж▓рждрзЛ, ржХрж┐ рждрж╛рж░ ржирж╛ржо ; ржпрзЗ ржЦрж╛ржмрж╛рж░рзЗрж░ рж╕рзНржмрж╛ржж ржкрж╛ржЗ ржХрж┐ржирзНрждрзБ ржкрж╛ржпрж╝ ржирж╛ рждрж╛рж░рж╛ ржШрзНрж░рж╛ржг?",ржЬрж┐рж╣рзНржмржмрж╛,ржЬрж┐рж╣рзНржмржмрж╛,"""ржЦрж╛ржмрж╛рж░рзЗрж░ рж╕рзНржмрж╛ржж ржкрж╛ржЗ"": ржЬрж┐ржм ржмрж╛ ржорзБржЦрзЗрж░ рж▓рж╛рж▓рж╛ ржЦрж╛ржмрж╛рж░рзЗрж░ рж╕рзНржмрж╛ржж ржЧрзНрж░рж╣ржгрзЗрж░ ржЬржирзНржп ржмрзНржпржмрж╣рзГржд рж╣рзЯред
""ржХрж┐ржирзНрждрзБ ржкрж╛ржпрж╝ ржирж╛ рждрж╛рж░рж╛ ржШрзНрж░рж╛ржг"": ржЬрж┐ржм ржмрж╛ ржорзБржЦ рж╕рзНржмрж╛ржж ржкрж╛рзЯ, ржХрж┐ржирзНрждрзБ ржШрзНрж░рж╛ржг ржмрж╛ ржЧржирзНржз рж╢рзЛржБржХрж╛рж░ ржЬржирзНржп ржирж╛ржХ ржмрж╛ рж╕рзНржирж╛ржпрж╝рзБ ржжрж░ржХрж╛рж░ рж╣рзЯ, ржпрж╛ рж╢рзБржзрзБржорж╛рждрзНрж░ ржЬрж┐ржмрзЗрж░ ржХрж╛ржЬ ржирзЯред",,,,
"ржЬрзАржмрж┐ржд ржерж╛ржХрж▓рзЗ ржпрж╛рж░рзЗ ржХржмрж░ ржжрзЗржпрж╝, ржорж░рзЗ ржЧрзЗрж▓рзЗ рждрж╛рж░рзЗ ржЦрзБржБржбрж╝рзЗ ржирзЗржЗ, ржмрж▓рзБржи ржПржЗ рж╕рждрзНрждрж╛ ржХрзЗ рж╣ржпрж╝?",ржЪрж╛рж░рж╛,ржорж╛ржЫ,"""ржЬрзАржмрж┐ржд ржерж╛ржХрж▓рзЗ ржпрж╛рж░рзЗ ржХржмрж░ ржжрзЗржпрж╝"": ржорж╛ржЫ рж╕рж╛ржзрж╛рж░ржгржд ржкрж╛ржирж┐рж░ ржирж┐ржЪрзЗ ржерж╛ржХрзЗ, ржпрж╛ ржпрзЗржоржи ржХржмрж░рзЗрж░ ржорждрзЛ ржЧрж╛ dark рж╝ ржмрж╛ ржЖржмржжрзНржзред
""ржорж░рзЗ ржЧрзЗрж▓рзЗ рждрж╛рж░рзЗ ржЦрзБржБржбрж╝рзЗ ржирзЗржЗ"": ржорзГржд ржорж╛ржЫ рж╕рзЗржЦрж╛ржи ржерзЗржХрзЗ рждрзБрж▓рзЗ ржирзЗржУрзЯрж╛ рж╣рзЯ, ржЕрж░рзНржерж╛рзО ржорж╛ржЫ ржорж░рж▓рзЗ рждрж╛ржХрзЗ рждрзБрж▓рзЗ ржЖржирждрзЗ рж╣рзЯ, ржЦрзБржБрзЬрзЗ ржмрзЗрж░ ржХрж░рж╛ рж╣рзЯред",,,,
"рждрзБржорж┐ рж╕ржм рж╕ржоржпрж╝ рждрж╛ржХрзЗ ржЙрждрзНрждрж░ ржжрж╛ржУ, ржХрж┐ржирзНрждрзБ рж╕рзЗ ржХржЦржирзЛ рждрзЗржоржи ржХрзЛржирзЛ ржкрзНрж░рж╢рзНржи ржХрж░рзЗржирж╛, ржмрж▓ ржХрзЗ рж╕рзЗ?",ржорзЛржмрж╛ржЗрж▓,ржорзЛржмрж╛ржЗрж▓,"""рждрзБржорж┐ рж╕ржм рж╕ржорзЯ рждрж╛ржХрзЗ ржЙрждрзНрждрж░ ржжрж╛ржУ"": ржЖржорж░рж╛ ржорзЛржмрж╛ржЗрж▓ ржлрзЛржирзЗ рж╕ржмрж╕ржорзЯ ржХрж▓ ржмрж╛ ржорзЗрж╕рзЗржЬрзЗрж░ ржЙрждрзНрждрж░ ржжрж┐рзЯрзЗ ржерж╛ржХрж┐ред
""ржХрж┐ржирзНрждрзБ рж╕рзЗ ржХржЦржирзЛ рждрзЗржоржи ржХрзЛржирзЛ ржкрзНрж░рж╢рзНржи ржХрж░рзЗржирж╛"": ржорзЛржмрж╛ржЗрж▓ ржлрзЛржи ржирж┐ржЬрзЗ ржХржЦржирзЛ ржкрзНрж░рж╢рзНржи ржХрж░рзЗ ржирж╛, рждржмрзЗ ржорж╛ржирзБрж╖рзЗрж░ ржорж╛ржзрзНржпржорзЗ ржкрзНрж░рж╢рзНржи ржХрж░рж╛ рж╣рзЯред",,,,
ржХрзЛржи ржЬрж┐ржирж┐рж╕ржЯрж╛ ржмрзНржпржмрж╣рж╛рж░рзЗрж░ ржкрзВрж░рзНржмрзЗ ржнрж╛ржЩрждрзЗ рж╣ржпрж╝?,ржбрж┐ржо,ржбрж┐ржо,"""ржХрзЛржи ржЬрж┐ржирж┐рж╕ржЯрж╛ ржмрзНржпржмрж╣рж╛рж░рзЗрж░ ржкрзВрж░рзНржмрзЗ ржнрж╛ржЩрждрзЗ рж╣ржпрж╝?"": ржбрж┐ржо ржмрзНржпржмрж╣рж╛рж░рзЗрж░ ржЖржЧрзЗ рждрж╛ржХрзЗ ржнрж╛ржЩрждрзЗ рж╣рзЯ, ржпрж╛рждрзЗ рждрж╛рж░ ржнрзЗрждрж░рзЗрж░ рждрж░рж▓ ржмрзНржпржмрж╣рж╛рж░ ржХрж░рж╛ ржпрж╛рзЯред",,,,
"ржЪрж╛рж░ ржЕржХрзНрж╖рж░рзЗ ржирж╛ржо ржпрж╛рж░, ржЕрждрзАржд ржирж┐ржпрж╝рзЗ рж▓рзЗржЦрж╛ ржкрзНрж░ржержо ржжрзБржЗ ржЕржХрзНрж╖рж░ ржмрж╛ржж ржжрж┐рж▓рзЗ, рж╢рзБрж░рзБ рж╣ржпрж╝ ржкрзНржпрж╛ржХ ржкрзНржпрж╛ржХ ржбрж╛ржХрж╛.. ржмрж▓рзБржи рждрзЛ ржЙрждрзНрждрж░ржЯрж╛ ржХрж┐ рж╣ржмрзЗ?",ржЗрждрж┐рж╣рж╛рж╕,ржмрж╛рждрж╛рж╕,"""ржжрзЗржЦрж╛ ржпрж╛ржпрж╝"": ржмрж╛рждрж╛рж╕ рж╕рж░рж╛рж╕рж░рж┐ ржжрзЗржЦрж╛ ржпрж╛рзЯ ржирж╛, ржХрж┐ржирзНрждрзБ рждрж╛рж░ ржкрзНрж░ржнрж╛ржмрзЗ ржпрзЗржоржи ржкрж╛рждрж╛ ржмрж╛ ржзрзБрж▓рзЛ ржЙрзЬрзЗ ржЧрж┐рзЯрзЗ ржжрзЗржЦрж╛ ржпрж╛рзЯред
""ржЕржирзБржнржм ржХрж░рж╛ ржпрж╛ржпрж╝"": ржмрж╛рждрж╛рж╕рзЗрж░ ржЪрж▓рж╛ржЪрж▓ ржмрж╛ ржкрзНрж░ржмрж╛рж╣ ржЕржирзБржнржм ржХрж░рж╛ ржпрж╛рзЯ, ржпрзЗржоржи ржЧрж░ржо ржмрж╛ ржарж╛ржирзНржбрж╛ ржЕржирзБржнржм рж╣рзЯред
""ржЫрзЛржБржпрж╝рж╛ ржпрж╛ржпрж╝ ржирж╛"": ржмрж╛рждрж╛рж╕ржХрзЗ рж╕рж░рж╛рж╕рж░рж┐ ржЫрзЛржБрзЯрж╛ рж╕ржорзНржнржм ржирзЯ, ржХрж╛рж░ржг ржПржЯрж┐ ржЕржжрзГрж╢рзНржп ржПржмржВ ржЫрзЛржБрзЯрж╛рж░ ржЙржкржпрзБржХрзНржд ржХрзЛржирзЛ рж╕рзНржерж┐рждрж┐ ржирзЗржЗред",,,,
ржХрзЛржи ржЬрж┐ржирж┐рж╕ржЯрж╛ ржжрзЗржЦрж╛ ржпрж╛ржпрж╝ ржЕржирзБржнржм ржХрж░рж╛ ржпрж╛ржпрж╝ ржХрж┐ржирзНрждрзБ ржЫрзЛржБржпрж╝рж╛ ржпрж╛ржпрж╝ ржирж╛?,ржзрзЛржпрж╝рж╛,рж╣рж╛ржУрзЯрж╛,"""ржжрзЗржЦрж╛ ржпрж╛рзЯ"": рж╣рж╛ржУрзЯрж╛ рж╕рж░рж╛рж╕рж░рж┐ ржжрзЗржЦрж╛ ржирж╛ ржЧрзЗрж▓рзЗржУ рждрж╛рж░ ржкрзНрж░ржнрж╛ржм ржжрзЗржЦрж╛ ржпрж╛рзЯ (ржпрзЗржоржи ржкрж╛рждрж╛, ржзрзБрж▓рзЛ ржЙрзЬрждрзЗ ржжрзЗржЦрж╛ ржпрж╛рзЯ)ред
""ржЕржирзБржнржм ржХрж░рж╛ ржпрж╛рзЯ"": рж╣рж╛ржУрзЯрж╛ ржЖржорж░рж╛ ржЕржирзБржнржм ржХрж░рждрзЗ ржкрж╛рж░рж┐, ржпрзЗржоржи ржарж╛ржгрзНржбрж╛ ржмрж╛ ржЧрж░ржо ржЕржирзБржнржм рж╣рзЯред
""ржЫрзЛржБрзЯрж╛ ржпрж╛рзЯ ржирж╛"": рж╣рж╛ржУрзЯрж╛ ржЫрзЛржБрзЯрж╛ рж╕ржорзНржнржм ржирзЯ ржХрж╛рж░ржг ржПржЯрж┐ ржЕржжрзГрж╢рзНржп ржПржмржВ ржХрзЛржирзЛ рж╕рзНржерж┐рждрж┐ ржирзЗржЗ ржпрж╛ рж╕рж░рж╛рж╕рж░рж┐ ржЫрзЛржБрзЯрж╛ ржпрж╛рзЯред",,,,
"ржмрж▓рзБржи ржХрж┐ рждрж╛рж░ ржирж╛ржо, ржпрж╛рж░ ржЖржЫрзЗ рждрж┐ржиржЯрж┐ рж╣рж╛ржд ; ржирзЗржЗ ржХрзЛржи ржкрж╛ ржХрж┐ржВржмрж╛ ржмржбрж┐, ржПржмржВ ржорж╛ржирзБрж╖ржХрзЗ ржЙрждрзНрждрж░ ржжрзЗржУржпрж╝рж╛ржЗ ржпрж╛рж░ ржХрж╛ржо?",ржШржбрж╝рж┐,ржШрзЬрж┐,"""рждрж┐ржиржЯрж┐ рж╣рж╛ржд"": ржШрзЬрж┐рж░ ржХрж╛ржБржЯрж╛ рждрж┐ржиржЯрж┐ ржерж╛ржХрзЗтАФржШржгрзНржЯрж╛, ржорж┐ржирж┐ржЯ, ржПржмржВ рж╕рзЗржХрзЗржирзНржбрзЗрж░ ржХрж╛ржБржЯрж╛ред
""ржирзЗржЗ ржХрзЛржи ржкрж╛ ржХрж┐ржВржмрж╛ ржмржбрж┐"": ржШрзЬрж┐рж░ ржХрзЛржи ржкрж╛ ржмрж╛ рж╢рж░рзАрж░ ржерж╛ржХрзЗ ржирж╛, рж╢рзБржзрзБржорж╛рждрзНрж░ рждрж╛рж░ ржХрж╛ржБржЯрж╛ (рж╣рж╛ржд) ржХрж╛ржЬ ржХрж░рзЗред
""ржорж╛ржирзБрж╖ржХрзЗ ржЙрждрзНрждрж░ ржжрзЗржУржпрж╝рж╛ржЗ ржпрж╛рж░ ржХрж╛ржо"": ржШрзЬрж┐ рж╕ржорзЯ ржмрж▓рждрзЗ ржорж╛ржирзБрж╖рзЗрж░ рж╕рж╛рж╣рж╛ржпрзНржп ржХрж░рзЗ, ржПржмржВ ржПржЯрж┐ рж╕ржорзЯрзЗрж░ ржЙрждрзНрждрж░ ржжрзЗрзЯред",,,,
ржПржоржи ржПржХржЯрж┐ рж╢ржмрзНржжрзЗрж░ ржирж╛ржо ржмрж▓ ржпрж╛ ржмрж╛ржВрж▓рж╛ рзлрзж ржЯрж┐ ржЕржХрзНрж╖рж░ржХрзЗ ржирж┐рж░рзНржжрзЗрж╢ ржХрж░рзЗ? ,ржмрж░рзНржиржорж╛рж▓рж╛,ржмрж░рзНржгржорж╛рж▓рж╛,"ржмрж╛ржВрж▓рж╛ рзлрзжржЯрж┐ ржЕржХрзНрж╖рж░ржХрзЗ ржирж┐рж░рзНржжрзЗрж╢ ржХрж░рзЗ"": ржмрж╛ржВрж▓рж╛ ржмрж░рзНржгржорж╛рж▓рж╛рж░ ржорзЛржЯ рзлрзжржЯрж┐ ржЕржХрзНрж╖рж░ (ржпрждржЯрзБржХрзБ ржкрзНрж░рж╛ржержорж┐ржХржнрж╛ржмрзЗ ржзрж░рж╛ рж╣рзЯ) ржерж╛ржХрзЗ, ржпрж╛ ржнowels (рж╕рзНржмрж░ржмрж░рзНржг) ржПржмржВ consonants (ржмрзНржпржЮрзНржЬржиржмрж░рзНржг) ржорж┐рж▓рзЗ ржЧржарж┐рждред
""ржмрж░рзНржгржорж╛рж▓рж╛"": ржмрж╛ржВрж▓рж╛ ржнрж╛рж╖рж╛рж░ рж╕ржм ржЕржХрзНрж╖рж░ ржмрж╛ ржмрж░рзНржгржорж╛рж▓рж╛ ржпрж╛ржХрзЗ ржЖржорж░рж╛ ржЬрж╛ржирж┐, рждрж╛рж░ ржирж╛ржоржЗ ""ржмрж░рзНржгржорж╛рж▓рж╛""ред",,,,
ржмрж▓ржд rain ржПрж░ рж╢рзЗрж╖рзЗ ржХрж┐ рж╣ржпрж╝?,N рж╣ржпрж╝,"""ржи""","""rain"" рж╢ржмрзНржжрзЗрж░ рж╢рзЗрж╖рзЗ ""ржи"" ржЕржХрзНрж╖рж░ ржЖрж╕рзЗред ржПржЯрж┐ ржПржХржЯрж┐ рж╕рж╣ржЬ ржПржмржВ рж╣рж╛рж╕рзНржпржХрж░ рж░рж┐ржбрж▓, ржпрзЗржЦрж╛ржирзЗ рж╢ржмрзНржжрзЗрж░ рж╢рзЗрж╖ ржЕржХрзНрж╖рж░ржХрзЗ ржкрзНрж░рж╢рзНржи ржХрж░рж╛ рж╣рзЯрзЗржЫрзЗред",,,,
"ржХрзЛржи ржмрж╛рж╕рж╛ржпрж╝ рж╢рзБржзрзБ ржжрзБржЗ ржЬржи ржерж╛ржХрзЗ, ржХрж┐ржирзНрждрзБ ржХрзЛржирзЛ ржжрж░ржЬрж╛, ржЬрж╛ржирж╛рж▓рж╛ ржХрж┐ржВржмрж╛ ржЫрж╛ржж ржХрж┐ржЫрзБржЗ ржерж╛ржХрзЗ ржирж╛? ",ржнрж╛рж▓рзЛржмрж╛рж╕рж╛ржпрж╝,ржЪрзЛржЦ,"""ржХрзЛржи ржмрж╛рж╕рж╛ржпрж╝ рж╢рзБржзрзБ ржжрзБржЗ ржЬржи ржерж╛ржХрзЗ"": ржорж╛ржирзБрж╖рзЗрж░ ржжрзБржЗржЯрж┐ ржЪрзЛржЦ ржерж╛ржХрзЗ, ржпрзЗржЧрзБрж▓рзЛ ржПржХрж╕рж╛ржерзЗ ржХрж╛ржЬ ржХрж░рзЗред
""ржХрж┐ржирзНрждрзБ ржХрзЛржирзЛ ржжрж░ржЬрж╛, ржЬрж╛ржирж╛рж▓рж╛ ржХрж┐ржВржмрж╛ ржЫрж╛ржж ржХрж┐ржЫрзБржЗ ржерж╛ржХрзЗ ржирж╛"": ржЪрзЛржЦрзЗ ржХрзЛржи ржжрж░ржЬрж╛, ржЬрж╛ржирж╛рж▓рж╛ ржмрж╛ ржЫрж╛ржж ржирзЗржЗ, рждржмрзЗ ржПржЯрж┐ ржжрзГрж╖рзНржЯрж┐рж░ ржЬржирзНржп ржмрзНржпржмрж╣рзГржд рж╣рзЯред",,,,
"ржЖржорж┐ рж╕ржм ржХрж╛рж░ржмрж╛рж░рзЗ ржЖржХрж╛ржЩрзНржХрзНрж╖рж╛рж░ ржирж╛ржо, рж╕ржм рж╕ржорзНржкрж░рзНржХрзЗ ржЖржЫрзЗ ржЖржорж╛рж░ ржЕржмрж╕рзНржерж╛ржи ржмрж▓рзЛ ржЖржорж┐ ржХрзЗ?",рж▓рж╛ржн,ржнрж╛рж▓рзЛржмрж╛рж╕рж╛,"""ржЖржорж┐ рж╕ржм ржХрж╛рж░ржмрж╛рж░рзЗ ржЖржХрж╛ржЩрзНржХрзНрж╖рж╛рж░ ржирж╛ржо"": ржЬрзАржмржирзЗрж░ рж╕ржм ржХрзНрж╖рзЗрждрзНрж░рзЗржЗ ржорж╛ржирзБрж╖ ржнрж╛рж▓рзЛржмрж╛рж╕рж╛ ржЖрж╢рж╛ ржХрж░рзЗ, ржПржЯрж┐ рж╕ржмрж╛рж░ ржХрж╛ржорзНржпред
""рж╕ржм рж╕ржорзНржкрж░рзНржХрзЗ ржЖржЫрзЗ ржЖржорж╛рж░ ржЕржмрж╕рзНржерж╛ржи"": ржнрж╛рж▓рзЛржмрж╛рж╕рж╛ ржЫрж╛рзЬрж╛ ржХрзЛржирзЛ рж╕ржорзНржкрж░рзНржХ ржкрзВрж░рзНржгрждрж╛ ржкрж╛рзЯ ржирж╛тАФржкрж░рж┐ржмрж╛рж░, ржмржирзНржзрзБрждрзНржм, ржкрзНрж░рзЗржо, ржмрж╛ ржорж╛ржиржмрж┐ржХ рж╕ржорзНржкрж░рзНржХ рж╕ржм ржЬрж╛рзЯржЧрж╛рзЯ ржПржЯрж┐ ржмрж┐ржжрзНржпржорж╛ржиред",,,,
"ржХрж┐ рждрж╛рж░ ржирж╛ржо ржпрзЗ, ржмржЙржпрж╝рзЗрж░ ржмрж╛ржкрзЗрж░ ржжрзБрж▓рж╛рж▓рзА, ржЖржорж╛рж░ ржмрж╛ржбрж╝рж┐ ржПрж▓рзЗ ржЦрж╛ржпрж╝ ржЧрж╛рж▓рж┐? ",рж╕рж╛рж▓рж┐,рж╢рж╛рж╢рзБрзЬрж┐,"""ржмржЙржпрж╝рзЗрж░ ржмрж╛ржкрзЗрж░ ржжрзБрж▓рж╛рж▓рзА"" тЖТ рж╢рж╛рж╢рзБрзЬрж┐ рж╣рж▓рзЗржи ржмржЙрзЯрзЗрж░ ржмрж╛ржмрж╛-ржорж╛рзЯрзЗрж░ ржорзЗрзЯрзЗ, ржЕрж░рзНржерж╛рзО ржмржЙрзЯрзЗрж░ ржорж╛ред
""ржЖржорж╛рж░ ржмрж╛ржбрж╝рж┐ ржПрж▓рзЗ ржЦрж╛ржпрж╝ ржЧрж╛рж▓рж┐"" тЖТ ржЕржирзЗржХ ржоржЬрж╛рж░ ржХржерж╛рж░ ржоржзрзНржпрзЗ рж╢рж╛рж╢рзБрзЬрж┐-ржЬрж╛ржорж╛ржЗ рж╕ржорзНржкрж░рзНржХ ржирж┐рзЯрзЗ ржкрзНрж░ржЪрж▓рж┐ржд рж╣рж╛рж╕рзНржпрж░рж╕ ржЖржЫрзЗ, ржпрзЗржЦрж╛ржирзЗ рж╢рж╛рж╢рзБрзЬрж┐рж░ ржЙржкрж╕рзНржерж┐рждрж┐рждрзЗ ржЬрж╛ржорж╛ржЗ ржХржЦржирзЛ ржХржЦржирзЛ ржХржЯрзВржХрзНрждрж┐ ржмрж╛ ржоржЬрж╛ ржХрж░рзЗ ржХрж┐ржЫрзБ ржмрж▓рзЗ ржерж╛ржХрзЗред ЁЯШД",,,,
"""ржЖржорж┐ ржкржбрж╝рзЗ ржЧрзЗрж▓рзЗ ржЫрзЛржЯ рж╣ржпрж╝рзЗ ржпрж╛ржЗ ржХрж┐ржирзНрждрзБ ржпрзЗ ржЖржорж╛ржХрзЗ ржжрзЗржЦрзЗ рж╣рж╛рж╕рзЗ ржЖржорж┐ржУ рждрж╛ржХрзЗ ржжрзЗржЦрзЗ рж╣рж╛рж╕рж┐.. "" ржмрж▓рзЛ ржЖржорж┐ ржХрзЗ?",ржЖржпрж╝ржирж╛,ржЖрзЯржирж╛,"""ржЖржорж┐ ржкржбрж╝рзЗ ржЧрзЗрж▓рзЗ ржЫрзЛржЯ рж╣ржпрж╝рзЗ ржпрж╛ржЗ"" тЖТ ржЖрзЯржирж╛ ржнрзЗржЩрзЗ ржЧрзЗрж▓рзЗ ржЯрзБржХрж░рзЛ ржЯрзБржХрж░рзЛ рж╣рзЯрзЗ ржЫрзЛржЯ рж╣рзЯрзЗ ржпрж╛рзЯред
""ржпрзЗ ржЖржорж╛ржХрзЗ ржжрзЗржЦрзЗ рж╣рж╛рж╕рзЗ ржЖржорж┐ржУ рждрж╛ржХрзЗ ржжрзЗржЦрзЗ рж╣рж╛рж╕рж┐"" тЖТ ржЖрзЯржирж╛ ржкрзНрж░рждрж┐ржлрж▓ржи ржжрзЗржЦрж╛рзЯ, рждрж╛ржЗ ржХрзЗржЙ ржЖрзЯржирж╛рж░ рж╕рж╛ржоржирзЗ рж╣рж╛рж╕рж▓рзЗ, ржЖрзЯржирж╛ржУ рждрж╛ржХрзЗ ржПржХржЗ рж╣рж╛рж╕рж┐ ржлрж┐рж░рж┐рзЯрзЗ ржжрзЗрзЯред",,,,
"""ржмрж▓ржд ржХрж┐ рж╕рзЗржЗ ржЧржгрж┐рждржмрж┐ржжрзЗрж░ ржирж╛ржо ржпрж╛рж░ ржХрж╛ржЫрзЗ ржЖржЫрзЗ рж╕ржХрж▓ ржЧржгрж┐рждрзЗрж░ рж╕ржорж╛ржзрж╛ржи?""",ржХрзНржпрж╛рж▓ржХрзБрж▓рзЗржЯрж░,ржЧрзМрждржо ржЧржгрж┐ржд,"""ржпрж╛рж░ ржХрж╛ржЫрзЗ ржЖржЫрзЗ рж╕ржХрж▓ ржЧржгрж┐рждрзЗрж░ рж╕ржорж╛ржзрж╛ржи"" тЖТ ржПржЯрж┐ ржЗржЩрзНржЧрж┐ржд ржХрж░ржЫрзЗ ржПржоржи ржПржХржЬржи ржмрзНржпржХрзНрждрж┐рж░ ржкрзНрж░рждрж┐, ржпрж┐ржирж┐ ржЧржгрж┐рждрзЗрж░ рж╕ржХрж▓ рж╕ржорж╕рзНржпрж╛рж░ рж╕ржорж╛ржзрж╛ржи ржжрж┐рждрзЗ ржкрж╛рж░рзЗржиред
""ржЧрзМрждржо ржЧржгрж┐ржд"" ржирж╛ржорзЗ рж╕рж░рж╛рж╕рж░рж┐ ржХрзЗржЙ ржирж╛ ржерж╛ржХрж▓рзЗржУ ржПржЯрж┐ ржПржХржЯрж┐ ржоржЬрж╛рж░ ржзрж╛ржБржзрж╛, ржпрзЗржЦрж╛ржирзЗ ""ржЧржгрж┐ржд"" рж╢ржмрзНржжржЯрж┐ ржирж╛ржорзЗрж░ рж╕рж╛ржерзЗ ржпрзБржХрзНржд ржХрж░рж╛ рж╣рзЯрзЗржЫрзЗред
ржПржЯрж┐ ржЖрж╕рж▓рзЗ ржЧржЯржлрзНрж░рж┐ржб рж▓рж┐ржмржирж┐ржЬ, ржЗржЙржХрзНрж▓рж┐ржб, ржЖрж░рзНржпржнржЯрзНржЯ ржмрж╛ ржЧрж╛ржЙрж╕рзЗрж░ ржорждрзЛ ржмрж┐ржЦрзНржпрж╛ржд ржЧржгрж┐рждржмрж┐ржжржжрзЗрж░ ржжрж┐ржХрзЗржУ ржЗржЩрзНржЧрж┐ржд ржХрж░рждрзЗ ржкрж╛рж░рзЗред рждржмрзЗ ржзрж╛ржБржзрж╛рж░ ржХрзМрждрзБржХржкрзВрж░рзНржг ржкрзНрж░ржХрзГрждрж┐рж░ ржХрж╛рж░ржгрзЗ, ""ржЧржгрж┐ржд"" рж╢ржмрзНржжржЯрж┐ ржпрзБржХрзНржд ржХрж░рзЗ ржоржЬрж╛рж░ ржПржХржЯрж╛ ржЙрждрзНрждрж░ ржмрзЗрж░ ржХрж░рж╛ рж╣рзЯрзЗржЫрзЗред",,,,
"ржЖржорж┐ рждрзЛржорж╛ржХрзЗ ржжрзБржЯрзЛ ржЬрж┐ржирж┐рж╕ ржжрзЗржмрзЛ ржпрж╛рж░ ржПржХржЯрж┐, рж╕ржм рж╕ржоржпрж╝ ржмрж╕рзЗ ржерж╛ржХрзЗ ржХржЦржирзЛ ржжрж╛ржБржбрж╝рж╛ржпрж╝ ржирж╛, ржЖрж░ ржжрзНржмрж┐рждрзАржпрж╝ржЯрж┐рж░ ржХрзНрж╖рзБржзрж╛ ржПржд ржмрзЗрж╢рж┐ рждрж╛ржХрзЗ ржпрждржЗ ржжрзЗржмрзЗ рждрждржЗ ржЦрж╛ржмрзЗред  ржмрж▓ ржХрж┐ ржирж╛ржо ржЬрж┐ржирж┐рж╕ ржжрзБржЯрж┐рж░?",ржкрж╛ржерж░ ржУ ржЖржЧрзБржи,"ржЪрзЗрзЯрж╛рж░"" ржПржмржВ ""ржЖржЧрзБржи","""ржпрж╛рж░ ржПржХржЯрж┐, рж╕ржм рж╕ржоржпрж╝ ржмрж╕рзЗ ржерж╛ржХрзЗ ржХржЦржирзЛ ржжрж╛ржБржбрж╝рж╛ржпрж╝ ржирж╛"" тЖТ ржЪрзЗрзЯрж╛рж░

ржЪрзЗрзЯрж╛рж░ рж╕ржмрж╕ржорзЯ рж╕рзНржерж┐рж░ ржерж╛ржХрзЗ, ржПржЯрж┐ ржирж┐ржЬрзЗ ржХржЦржирзЛ ржжрж╛ржБрзЬрж╛рзЯ ржирж╛ред ржорж╛ржирзБрж╖ ржЪрзЗрзЯрж╛рж░рзЗ ржмрж╕рзЗ, ржХрж┐ржирзНрждрзБ ржЪрзЗрзЯрж╛рж░ ржирж┐ржЬрзЗ ржжрж╛ржБрзЬрж╛ржирзЛрж░ ржХрзНрж╖ржорждрж╛ рж░рж╛ржЦрзЗ ржирж╛ред
""ржжрзНржмрж┐рждрзАржпрж╝ржЯрж┐рж░ ржХрзНрж╖рзБржзрж╛ ржПржд ржмрзЗрж╢рж┐ рждрж╛ржХрзЗ ржпрждржЗ ржжрзЗржмрзЗ рждрждржЗ ржЦрж╛ржмрзЗ"" тЖТ ржЖржЧрзБржи

ржЖржЧрзБржирзЗрж░ ржХрзНрж╖рзБржзрж╛ ржЕржлрзБрж░ржирзНржд, ржПржЯрж┐ ржпрж╛ ржкрж╛рзЯ рждрж╛ржЗ ржкрзБрзЬрж┐рзЯрзЗ ржлрзЗрж▓рзЗ ржПржмржВ ржЖрж░ржУ ржЬрзНржмрж╛рж▓рж╛ржирж┐ ржЦрзБржБржЬрждрзЗ ржерж╛ржХрзЗ",,,,
"рждрж┐ржи ржЕржХрзНрж╖рж░рзЗ ржирж╛ржо рждрж╛рж░ ржкрж╛ржирж┐рждрзЗ ржмрж╛рж╕ ржХрж░рзЗ, ржкрзНрж░ржержо ржЕржХрзНрж╖рж░ ржмрж╛ржж ржжрж┐рж▓рзЗ рж╕рзНржмрж╛ржжрзЗ ржорж┐рж╖рзНржЯрж┐ ржХрж░рзЗред ржмрж▓ ржХрж┐ рждрж╛рж░ ржирж╛ржо?",ржорж╛ржЧрзБрж░,ржиржм,"""рждрж┐ржи ржЕржХрзНрж╖рж░рзЗ ржирж╛ржо рждрж╛рж░ ржкрж╛ржирж┐рждрзЗ ржмрж╛рж╕ ржХрж░рзЗ"" тЖТ ржиржм (ржи- ржм)

ржПржЯрж┐ ржПржХржЯрж┐ ржорж╛ржЫрзЗрж░ ржирж╛ржо, ржпрж╛ ржкрж╛ржирж┐рждрзЗ ржерж╛ржХрзЗред
""ржкрзНрж░ржержо ржЕржХрзНрж╖рж░ ржмрж╛ржж ржжрж┐рж▓рзЗ рж╕рзНржмрж╛ржжрзЗ ржорж┐рж╖рзНржЯрж┐ ржХрж░рзЗ"" тЖТ ржиржм - 'ржи' = 'ржм'

ржПржЦрж╛ржирзЗ 'ржи' ржмрж╛ржж ржжрж┐рж▓рзЗ 'ржм' ржмрж╛ 'ржмрж╛ржБ' ржерж╛ржХрзЗ, ржпрж╛ ""ржЧрзБрзЬ ржмрж╛ ржЪрж┐ржирж┐ ржжрж┐рзЯрзЗ ржмрж╛ржирж╛ржирзЛ 'ржмрж╛рждрж╛рж╕рж╛'"" ржХрж┐ржВржмрж╛ 'ржмрзЛржБржжрзЗ'рж░ ржорждрзЛ ржорж┐рж╖рзНржЯрж┐рж░ ржкрзНрж░рждрж┐ ржЗржЩрзНржЧрж┐ржд ржХрж░рждрзЗ ржкрж╛рж░рзЗред",,,,
"ржмрж▓ ржХрж┐ рж╕рзЗржЗ ржЬрж╛рж▓рзЗрж░ ржирж╛ржо, ржпрж╛рж░ ржирж╛ ржЖржЫрзЗ ржХрзЛржирзЛ рж╕рзБрждрж╛, ржлрж┐рждрж╛, рждрж╛рж░ ; ржХрж┐ржирзНрждрзБ ржирж┐ржорж┐рж╖рзЗржЗ рждрзЛржорж╛рзЯ ржжрзЗржмрзЗ рж╢рзЗрж░рж╛ рж╕ржорзНржкржжрзЗрж░ рж╕ржирзНржзрж╛ржиред ",ржЖржирзНрждржЬрж╛рж▓ ( ржЗржирзНржЯрж╛рж░ржирзЗржЯ ),ржЗржирзНржЯрж╛рж░ржирзЗржЯ,"""ржмрж▓ ржХрж┐ рж╕рзЗржЗ ржЬрж╛рж▓рзЗрж░ ржирж╛ржо"" тЖТ ржПржЦрж╛ржирзЗ ""ржЬрж╛рж▓"" ржмрж▓рждрзЗ ржЖрж╕рж▓рзЗ ржлрж┐ржЬрж┐ржХрзНржпрж╛рж▓ ржХрзЛржирзЛ ржорж╛ржЫ ржзрж░рж╛рж░ ржЬрж╛рж▓ ржмрж╛ ржирзЗржЯ ржирзЯ, ржмрж░ржВ ржХрзЛржирзЛ ржирзЗржЯржУрзЯрж╛рж░рзНржХ ржмрзЛржЭрж╛ржирзЛ рж╣ржЪрзНржЫрзЗред
""ржпрж╛рж░ ржирж╛ ржЖржЫрзЗ ржХрзЛржирзЛ рж╕рзБрждрж╛, ржлрж┐рждрж╛, рждрж╛рж░"" тЖТ ржЗржирзНржЯрж╛рж░ржирзЗржЯ ржжрзГрж╢рзНржпржорж╛ржи ржХрзЛржирзЛ рж╕рзБрждрж╛, ржлрж┐рждрж╛ ржмрж╛ рждрж╛рж░рзЗрж░ ржЙржкрж░ ржирж┐рж░рзНржнрж░ ржХрж░рзЗ ржирж╛ (ржпржжрж┐ржУ ржлрж╛ржЗржмрж╛рж░ ржЕржкржЯрж┐ржХ ржУ ржУржпрж╝рзНржпрж╛рж░рж▓рзЗрж╕ ржкрзНрж░ржпрзБржХрзНрждрж┐ ржмрзНржпржмрж╣рж╛рж░ рж╣рзЯ)ред
""ржХрж┐ржирзНрждрзБ ржирж┐ржорж┐рж╖рзЗржЗ рждрзЛржорж╛рзЯ ржжрзЗржмрзЗ рж╢рзЗрж░рж╛ рж╕ржорзНржкржжрзЗрж░ рж╕ржирзНржзрж╛ржи"" тЖТ ржЗржирзНржЯрж╛рж░ржирзЗржЯрзЗрж░ ржорж╛ржзрзНржпржорзЗ ржорзБрж╣рзВрж░рзНрждрзЗрж░ ржоржзрзНржпрзЗржЗ ржмрж┐рж╢рзНржмрзЗрж░ ржпрзЗ ржХрзЛржирзЛ рждржерзНржп ржУ ржЬрзНржЮрж╛ржирзЗрж░ рж╕ржорзНржкржж ржкрж╛ржУрзЯрж╛ ржпрж╛рзЯред",,,,
"ржПржоржи ржПржХржЯрж┐ ржЬрж┐ржирж┐рж╕ ржпрзЗржЯрж╛ рж╕ржм рж▓рзЛржХржЗ ржЦрж╛ржпрж╝
ржЫрзЛржЯ ржЫрзЗрж▓рзЗрж░рж╛ ржЦрзЗрж▓рзЗржкрж░рзЗ ржорж╛ржпрж╝рзЗрж░ ржХрж╛ржЫрзЗ ржпрж╛ржпрж╝
ржмрзГржжрзНржз рж▓рзЛржХрзЗ ржЦрзЗрж▓рзЗржкрж░рзЗ ржорж╛ржерж╛ржпрж╝ ржжрзЗрзЯ рж╣рж╛ржд
ржпрзБржмржХ ржпрзБржмрждрзАрж░рж╛ ржЦрзЗрж▓рзЗ ржПржжрж┐ржХ ржУржжрж┐ржХ рждрж╛ржХрж╛ржпрж╝",ржЖржЫрж╛рж░,"""ржХрж┐рж▓"" ржмрж╛ ""ржЪрзЬ""","""ржПржоржи ржПржХржЯрж┐ ржЬрж┐ржирж┐рж╕ ржпрзЗржЯрж╛ рж╕ржм рж▓рзЛржХржЗ ржЦрж╛ржпрж╝"" тЖТ рж╕ржмрж╛ржЗ ржЬрзАржмржирзЗ ржХржЦржирзЛ ржирж╛ ржХржЦржирзЛ ржХрж┐рж▓-ржЪрзЬ ржЦрзЗрзЯрзЗ ржерж╛ржХрзЗ (рж░рзВржкржХ ржЕрж░рзНржерзЗ)ред
""ржЫрзЛржЯ ржЫрзЗрж▓рзЗрж░рж╛ ржЦрзЗрж▓рзЗржкрж░рзЗ ржорж╛ржпрж╝рзЗрж░ ржХрж╛ржЫрзЗ ржпрж╛ржпрж╝"" тЖТ ржЫрзЛржЯрж░рж╛ ржорж╛рж░ ржЦрзЗрж▓рзЗ ржжрзМрзЬрзЗ ржорж╛рзЯрзЗрж░ ржХрж╛ржЫрзЗ ржЕржнрж┐ржпрзЛржЧ ржХрж░рждрзЗ ржпрж╛рзЯред
""ржмрзГржжрзНржз рж▓рзЛржХрзЗ ржЦрзЗрж▓рзЗржкрж░рзЗ ржорж╛ржерж╛ржпрж╝ ржжрзЗрзЯ рж╣рж╛ржд"" тЖТ ржмрзГржжрзНржзрж░рж╛ ржпржжрж┐ ржХрж┐рж▓-ржЪрзЬ ржЦрж╛рзЯ, рждрж╛рж░рж╛ ржорж╛ржерж╛рзЯ рж╣рж╛ржд ржжрж┐рзЯрзЗ ржЖржлрж╕рзЛрж╕ ржХрж░рзЗред
""ржпрзБржмржХ ржпрзБржмрждрзАрж░рж╛ ржЦрзЗрж▓рзЗ ржПржжрж┐ржХ ржУржжрж┐ржХ рждрж╛ржХрж╛ржпрж╝"" тЖТ рждрж░рзБржг-рждрж░рзБржгрзАрж░рж╛ ржорж╛рж░ ржЦрзЗрж▓рзЗ ржЪрж╛рж░ржкрж╛рж╢рзЗ рждрж╛ржХрж┐рзЯрзЗ ржжрзЗржЦрзЗ, ржХрзЗржЙ ржжрзЗржЦрж▓ ржХрж┐ржирж╛!",,,,
"рждрж┐ржи ржЕржХрзНрж╖рж░рзЗ ржЬрж┐ржирж┐рж╕ржЯрж╛ 
ржХрж┐ ржирж╛ржо рждрж╛рж░ ржмрж▓ржирж╛
ржорж╛ржерж╛ ржХрж╛ржЯрж▓рзЗ ржЪрж▓рзЗ ржЖрж░
ржорж╛ржерж╛ ржирж╛ ржХрж╛ржЯрж▓рзЗ ржЪрж▓рзЗ ржирж╛ред",ржкрзЗржирзНрж╕рж┐рж▓,,,,,,
"ржорзЗржШрзЗрж░ ржбрж╛ржХрзЗ ржЬрж▓ ржЫрзЗржбрж╝рзЗ
ржбрж╛ржЩрж╛ржпрж╝ ржЙржарзЗ ржкржбрж╝рзЗ
ржорж╛ржирзБрж╖ рждрж╛рж░ ржорж╛ржарзЗ ржкрзЗрж▓рзЗ 
ржирж┐ржпрж╝рзЗ ржпрж╛ржпрж╝ ржШрж░рзЗред",ржХржЗржорж╛ржЫ,,,,,,
"рж╣рж╛ржд ржЖржЫрзЗ ржкрж╛ ржирзЗрзЯ 
ржорж╛ржерж╛ рждрж╛рж░ ржХрж╛ржЯрж╛ 
ржЖрж╕рзНржд ржорж╛ржирзБрж╖ ржЧрж┐рж▓рзЗ ржЦрж╛ржпрж╝ 
ржмрзБржХ рждрж╛рж░ ржлрж╛ржЯрж╛ред",ржЬрж╛ржорж╛,,,,,,
"рждрж┐ржи ржЕржХрзНрж╖рж░рзЗ ржирж╛ржо рждрж╛рж░
рж╕ржм рж▓рзЛржХрзЗ ржЦрж╛ржпрж╝
ржкрзНрж░ржержо ржЕржХрзНрж╖рж░ ржмржж ржжрж┐рж▓рзЗ 
ржШрж░ ржЫрж╛ржУржпрж╝рж╛ ржпрж╛ржпрж╝ред",ржХрзБржорзЬрзЛ,,,,,,
"ржПржХржЗ ржкрзНрж░рж╢рзНржи ржХрж┐ржирзНрждрзБ 
рж╕ржмрж╛ржЗ ржЖрж▓рж╛ржжрж╛ ржЖрж▓рж╛ржжрж╛ ржЙрждрзНрждрж░ ржжрзЗржпрж╝
ржЕржержЪ рж╕ржмрж╛рж░ ржЙрждрзНрждрж░ржЗ ржарж┐ржХ 
ржкрзНрж░рж╢рзНржиржЯрж┐ ржХрж┐ ?",рждрзЛржорж╛рж░ ржирж╛ржо ржХрж┐ ?,,,,,,
"ржЖржорж┐ ржЕржирзНржзржХрж╛рж░ ржХрж┐ржирзНрждрзБ 
ржЖрж▓рзЛ ржЫрж╛ржбрж╝рж╛ ржЖржорж╛рж░ ржЕрж╕рзНрждрж┐рждрзНржм ржирзЗржЗ
ржЖржорж┐ ржХрзЗ ?",ржЫрж╛ржпрж╝рж╛,,,,,,
"ржХрзЛржерж╛ржпрж╝ ржиржжрзА ржЖржЫрзЗ 
ржХрж┐ржирзНрждрзБрзБ ржЬрж▓ ржирзЗржЗ
ржкрж╛рж╣рж╛ржбрж╝ ржЖржЫрзЗ 
ржХрж┐ржирзНрждрзБ ржкрж╛ржерж░ ржирзЗржЗ
ржжрзЗрж╢ ржЖржЫрзЗ 
ржХрж┐ржирзНрждрзБ рж▓рзЛржХ ржирзЗржЗ ?",ржорзНржпрж╛ржк ржмрж╛ ржорж╛ржиржЪрж┐рждрзНрж░,,,,,,
"рж╕ржорзБржжрзНрж░рзЗ ржЬржирзНржп ржЖржорж╛рж░
ржерж╛ржХрж┐ рж╕ржмрж╛рж░ ржШрж░рзЗ
ржПржХржЯрзБ ржЬрж▓рзЗрж░ рж╕рзНржкрж╢рзНрж░ ржкрзЗрж▓рзЗ
ржпрж╛ржпрж╝ ржЖржорж┐ ржорж░рзЗ ",ржирзБржи ржмрж╛ рж▓ржмржг,,,,,,
"ржХржд,рж░ ржоржзрзНржпрзЗ ржХржд ржмрж╛ржж ржжрж┐рж▓рзЗ 
ржХржд ржерж╛ржХржмрзЗ ?",тАШрж░тАЩ,,,,,,
"ржПржХржЬржи рж╕рж╛ржБрждрж╛рж░рзБ ржЬрж▓рзЗ ржбрзБржмрзЗ 
рж╕рж╛ржБрждрж╛рж░ ржХрж╛ржЯрж▓рзЛ, ржЪрж┐ржд рж╕рж╛ржБрждрж╛рж░ржУ ржХрж╛ржЯрж▓рзЛ 
ржХрж┐ржирзНрждрзБ рждрж╛рж░ ржЪрзБрж▓ ржнрж┐ржЬрж▓рзЛржирж╛, ржПржЯрж╛ ржХрж┐ржнрж╛ржмрзЗ 
рж╕ржорзНржнржм ??",ржХрж╛рж░ржг рждрж╛рж░ ржорж╛ржерж╛ржпрж╝ ржЪрзБрж▓ ржЫрж┐рж▓ржирж╛ ржмрж╛ рж╕рзЗ ржЯрж╛ржХрж▓рж╛ ржЫрж┐рж▓рзЛ,,,,,,
"ржПржХржЯрж┐ ржорж╛рждрзНрж░ ржЕржХрзНрж╖рж░ ржпрзЛржЧ ржХрж░рзЗ 
ржХрж┐ржнрж╛ржмрзЗ ржПржХржЬржи ржХрзЗ ржмржбрж╝рзЛ ржЬржи 
ржХрж░ржмрзЗржи? 

","ржб ржпрзЛржЧ ржХрж░рзЗ ржЕрж░рзНржерж╛рзО ржПржХ ржЬржи ржПржЗ рж▓рзЗржЦрж╛ржЯрж┐рждрзЗ ржПржХ ржбржЬржи, ржПржХ ржбржЬржи ржЕрж░рзНржерж╛рзО рззрзи ",,,,,,
ржХрзЛржи ржорж╛рж╕рзЗ рж╢ржирж┐ржмрж╛рж░ ржирзЗржЗ?,рж╕ржорж╛рж╕,,,,,,
ржХрзЛржи рждрж░ржХрж╛рж░рзАрждрзЗ рж▓ржмржи рж▓рж╛ржЧрзЗ ржирж╛?,ржирзЛржирж╛ ржЗрж▓рж┐рж╢,,,,,,
ржХрзЛржи ржЬрж┐ржирж┐рж╕рзЗрж░ ржирж╛ржо ржирж┐рж▓рзЗржЗ рж╕рзЗржЯрж┐ ржнрзЗржЩрзНржЧрзЗ ржпрж╛рзЯ?,ржирзАрж░ржмрждрж╛,,,,,,
ржХрзЛржи рждрж╛рж▓ ржЧрж╛ржЫрзЗ ржзрж░рзЗ ржирж╛?,рж╣рж░рждрж╛рж▓,,,,,,
"ржХрзЛржи ржЬрж┐ржирж┐рж╕ ржПржХржмрж╛рж░ ржЦрзЗрж▓рзЗ ржЖрж░ ржЦрзЗрждрзЗ ржЪрж╛ржи ржирж╛, ржЖржкржирж╛ржХрзЗ ржирж╛ ржЬрж╛ржирж┐рзЯрзЗ ржЦрж╛ржУрзЯрж╛ржирзЛ рж╣рзЯред",ржзрзЛржХрж╛,,,,,,
ржХрзЛржи ржЬрж┐ржирж┐рж╕ ржЕржмрж┐ржмрж╛рж╣рж┐рждржжрзЗрж░ рзл ржЯрж┐ ржПржмржВ ржмрж┐ржмрж╛рж╣рж┐рждржжрзЗрж░ рзк ржЯрж┐?,ржЕржХрзНрж╖рж╛рж░,,,,,,
ржХрзЛржи ржЧрзНрж░рж╛ржорзЗ ржорж╛ржирзБрж╖ ржирзЗржЗ?,ржЯрзЗрж▓рж┐ржЧрзНрж░рж╛ржо,ржЪрж┐рждрзНрж░ржЧрзНрж░рж╛ржо,"""ржЪрж┐рждрзНрж░ржЧрзНрж░рж╛ржо"" ржПржХржЯрж┐ ржХрж╛рж▓рзНржкржирж┐ржХ ржЧрзНрж░рж╛ржо, ржпрзЗржЦрж╛ржирзЗ ржХрзЛржирзЛ ржмрж╛рж╕рзНрждржм ржорж╛ржирзБрж╖ ржерж╛ржХрзЗ ржирж╛, ржмрж░ржВ ржПржЯрж┐ ржПржХржЯрж┐ ржЫржмрж┐ ржмрж╛ ржЪрж┐рждрзНрж░рзЗрж░ ржЧрзНрж░рж╛ржо рж╣рж┐рж╕рзЗржмрзЗ ржЪрж┐рждрзНрж░рж┐ржд рж╣рзЯред",,,,
"ржХрж╛рж░ ржорж╛ржерж╛ ржЖржЫрзЗ, ржХрж┐ржирзНрждрзБ ржмрзБржжрзНржзрж┐ ржирзЗржЗ?",ржЫрж╛рждрж╛,,,,,,
ржХрзА рж╢рзБржзрзБ ржУржкрж░рзЗ ржпрж╛рзЯ ржХрж┐ржирзНрждрзБ ржирж┐ржЪрзЗ ржирж╛ржорзЗ ржирж╛?,ржмрзЯрж╕,,,,,,
ржХрзЛржи ржжрзБржЯрж┐ рж╕ржВржЦрзНржпрж╛ ржПржХрж╕рж╛ржерзЗ ржерж╛ржХрж▓рзЗржЗ ржЧржирзНржбржЧрзЛрж▓ рж╣рзЯрзЗ ржпрж╛рзЯ?,ржирзЯ-ржЫрзЯ,"""рзж"" ржПржмржВ ""рзз""","ржпржЦржи рзж ржПржмржВ рзз ржПржХрж╕рж╛ржерзЗ ржЖрж╕рзЗ, рждржЦржи рждрж╛ ржХржорзНржкрж┐ржЙржЯрж╛рж░ рж╕рж┐рж╕рзНржЯрзЗржорзЗрж░ ржоржзрзНржпрзЗ ""ржмрж╛ржЗржирж╛рж░рж┐ ржХрзЛржб"" рж╣рж┐рж╕рзЗржмрзЗ ржмрзНржпржмрж╣рзГржд рж╣рзЯ, ржпрж╛ ржХрзЛржирзЛ ржЧржгрзНржбржЧрзЛрж▓ ржмрж╛ ржнрзБрж▓рзЗрж░ рж╕рзГржЬржи ржХрж░рждрзЗ ржкрж╛рж░рзЗ, ржпрзЗржоржи, рж╕рж┐рж╕рзНржЯрзЗржорзЗрж░ ржХрзНрж░рзНржпрж╛рж╢ ржмрж╛ ржнрзБрж▓ ржЕржкрж╛рж░рзЗрж╢ржиред ржПржЫрж╛рзЬрж╛, ржПржЗ ржжрзБржЯрж┐ рж╕ржВржЦрзНржпрж╛ ржПржХрждрзНрж░рзЗ ржХржЦржиржУ ржмрж┐ржнрзНрж░рж╛ржирзНрждрж┐ ржмрж╛ ржЧрзЛрж▓ржпрзЛржЧ рж╕рзГрж╖рзНржЯрж┐ ржХрж░рждрзЗ ржкрж╛рж░рзЗ ржпржжрж┐ рж╕рзЗржЧрзБрж▓рж┐рж░ ржоржзрзНржпрзЗ ржХрзЛржирзЛ ржЕржжрзНржнрзБржд ржкрж░рж┐ржгрждрж┐ рж╣рзЯред",,,,
"ржХрж┐ ржирж╛ржорждрзЗ ржкрж╛рж░рзЗ, ржХрж┐ржирзНрждрзБ ржЙржарждрзЗ ржкрж╛рж░рзЗ ржирж╛?",ржмрзГрж╖рзНржЯрж┐,ржмрзГрж╖рзНржЯрж┐рж░ ржкрж╛ржирж┐,"ржмрзГрж╖рзНржЯрж┐рж░ ржкрж╛ржирж┐ ржорзЗржШ ржерзЗржХрзЗ ржирж╛ржорждрзЗ ржкрж╛рж░рзЗ (ржкрзГржерж┐ржмрзАрждрзЗ ржкрзЬрзЗ), ржХрж┐ржирзНрждрзБ рждрж╛ ржЖржмрж╛рж░ ржЙржкрж░рзЗ (ржорзЗржШрзЗ) ржЙржарждрзЗ ржкрж╛рж░рзЗ ржирж╛",,,,
ржХрзЛржи ржЙрж▓ ржЧрж╛ржи ржЬрж╛ржирзЗ?,ржмрж╛ржЙрж▓,ржЙрж▓рзНрж▓рзБ,"""ржЙрж▓рзНрж▓рзБ"" рж╢ржмрзНржжржЯрж┐ ржПржХржЯрж┐ ржкрж╛ржЦрж┐ (ржПрж▓рзЗржЩрзНржЧрзБ), ржпрж╛ ржирж┐ржЬрзЗрж░ ржХржгрзНржарзЗ ржЖржУрзЯрж╛ржЬ ржХрж░рждрзЗ ржкрж╛рж░рзЗ, рждржмрзЗ ""ржЧрж╛ржи"" ржЧрж╛ржУрзЯрж╛ ржЕрж░рзНржерзЗ ржирзЯред
ржПржЦрж╛ржирзЗ ""ржЙрж▓"" рж╢ржмрзНржжржЯрж┐ ржЙрж▓рзНрж▓рзБржХрзЗ ржмрзЛржЭрж╛рждрзЗ ржмрзНржпржмрж╣рзГржд, ржпрж╛ ржПржХржЯрж┐ рж╣рж╛рж╕рзНржпржХрж░ ржзрж╛ржБржзрж╛ рждрзИрж░рж┐ ржХрж░рзЗред",,,,
ржХрзЛржи ржЯрж┐рзЯрж╛ ржбржХрзЗ ржирж╛?,ржЦрж╛ржЯрж┐рзЯрж╛,,,,,,
"ржХрзА рж╕рзЗржЯрж╛, ржпрж╛ ржкрж╛рж▓ржХрзЗрж░ ржерзЗржХрзЗржУ рж╣рж╛рж▓ржХрж╛ ржХрж┐ржирзНрждрзБ ржмрзЬрзЛ ржмрзЬрзЛ ржкрж╛рж▓рзЛрзЯрж╛ржиржУ ржпрж╛ ржмрзЗрж╢рж┐ржХрзНрж╖ржг ржзрж░рзЗ рж░рж╛ржЦрждрзЗ ржкрж╛рж░рзЗ ржирж╛",ржирж┐ржГрж╢рзНржмрж╛рж╕,рж╢рзНржмрж╛рж╕,"""ржкрж╛рж▓ржХрзЗрж░ ржерзЗржХрзЗржУ рж╣рж╛рж▓ржХрж╛""  рж╢рзНржмрж╛рж╕ ржЕржирзЗржХ рж╣рж╛рж▓ржХрж╛, ржПржХрзЗ рждрзБрж▓ржирж╛ ржХрж░рж╛ ржпрж╛рзЯ ржкрж╛рж▓ржХрзЗрж░ рж╕ржЩрзНржЧрзЗред
""ржХрж┐ржирзНрждрзБ ржмрзЬрзЛ ржмрзЬрзЛ ржкрж╛рж▓рзЛрзЯрж╛ржиржУ ржпрж╛ ржмрзЗрж╢рж┐ржХрзНрж╖ржг ржзрж░рзЗ рж░рж╛ржЦрждрзЗ ржкрж╛рж░рзЗ ржирж╛"" ржПржХржЬржи ржкрж╛рж▓рзЛрзЯрж╛ржи ржмрж╛ рж╢ржХрзНрждрж┐рж╢рж╛рж▓рзА ржорж╛ржирзБрж╖ржУ ржжрзАрж░рзНржШржХрзНрж╖ржг рж╢рзНржмрж╛рж╕ ржирж╛ ржирж┐рзЯрзЗ ржерж╛ржХрждрзЗ ржкрж╛рж░рзЗ ржирж╛, рж╢рзНржмрж╛рж╕ ржЧрзНрж░рж╣ржг ржХрж░рж╛ ржмрж╛ ржЫрж╛рзЬрж╛ржирзЛ ржкрзНрж░рж╛ржХрзГрждрж┐ржХ ржкрзНрж░ржХрзНрж░рж┐рзЯрж╛ ржпрж╛ ржЦрзБржм ржЕрж▓рзНржк рж╕ржорзЯрзЗрж░ ржЬржирзНржпржУ ржмржирзНржз рж░рж╛ржЦрж╛ ржпрж╛рзЯ ржирж╛ред",,,,
ржжрж╢ ржжрж┐ржи ржирж╛ ржШрзБржорж┐рзЯрзЗ ржерж╛ржХржмрзЗржи ржХрзА ржХрж░рзЗ?,рж░рж╛рждрзЗ ржШрзБржорж┐рзЯрзЗ ржирзЗржмрзЗржи,,,,,,
"рж░рзЛржЬ рж╕ржХрж╛рж▓рзЗ ржХрж╛рж░ рждрзЗржХрзЗ ржорж╛ржерж╛ ржЙржарзЗ ржпрж╛рзЯ, ржХрж┐ржирзНрждрзБ рж░рж╛рждрзЗ ржЖржмрж╛рж░ ржлрж┐рж░рзЗ ржЖрж╕рзЗ?",ржмрж╛рж▓рж┐рж╢,,,,,,
рж╕рзЗ ржжрзЗрзЯ рж╕рзЗ ржЬрж╛ржирзЗ! рж╕рзЗ ржирзЗрзЯ рж╕рзЗ ржЬрж╛ржирзЗ ржирж╛!! ржпрзЗ ржЬрж╛ржирзЗ рж╕рзЗ ржирзЗрзЯ ржирж╛,ржЬрзНржЮрж╛ржи,,,,,,
"ржПржХржЬржи рж╕рж╛ржБрждрж╛рж░рзБ ржбрзБржм рж╕рж╛ржБрждрж╛рж░ ржХрж╛ржЯрж▓рзЛ, ржЯрж┐рзО рж╕рж╛ржБрждрж╛рж░ ржХрж╛ржЯрж▓рзЛ, ржХрж┐ржирзНрждрзБ рждрж╛рж░ ржЪрзБрж▓ ржнрж┐ржЬрж▓рзЛ ржирж╛, ржХрзАржХрж░рзЗ",ржорж╛ржерж╛рзЯ ржЪрзБрж▓ ржЫрж┐рж▓ ржирж╛,,,,,,
ржХрж╛рж░ рж╣рж╛ржд ржЖржЫрзЗ ржХрж┐ржирзНрждрзБ рждрж╛рж▓рж┐ ржжрж┐рждрзЗ ржкрж╛рж░рзЗ ржирж╛,ржШрзЬрж┐,,,,,,